Species;Family;Author;Synonyms;LocalName;Comments;FileNamePhoto;FileNameID;Location;LocationColour;FigOneWidth;FigTwoWidth
Achyranthes aspera;Amaranthaceae;L.;;;;Achyranthes_aspera_close.jpg;Achyranthes_aspera_sketch.jpg;\textcolor{green}{SS};;;
Achyranthes aspera var sicula;Amaranthaceae;L.;Achyranthes sicula (L.) All.;;Underside of leaf white felty;Achyranthes_sicula_photo.jpg;Achyranthes_sicula_ID.jpg;;;;
Chenopodiastrum murale;Amaranthaceae;(L.) S.Fuentes;;;;Chenopodiastrum_murale_flower_1.jpg;Chenopodiastrum_murale_flower_2.jpg;;;;
Chenopodium album;Amaranthaceae;L.;;;;Chenopodium_album_flower.jpg;Chenopodium_album_sketch.jpg;;;;
Allium canariense;Amaryllidaceae;(Regel) N.Friesen \& P.Schönfelder;;;;Allium_canariense_flower.jpg;Allium_canariense_whole.jpg;;;;
Allium roseum;Amaryllidaceae;L.;;;;Allium_roseum_flower.jpg;Allium_roseum_whole.jpg;;;;
Pistacia atlantica;Anacardiaceae;Desf.;;;;Pistacia_atlantica_close.jpg;Pistacia_atlantica_whole.jpg;;;;
Rhus coriaria;Anacardiaceae;L.;;;;Rhus_coriaria_close.jpg;Rhus_coriaria_whole.jpg;;;;
Anthriscus sylvestris;Apiaceae;(L.) Hoffm.;;;;Anthriscus_sylvestris_leaf.jpg;Anthriscus_sylvestris_flower.jpg;;;;
Astydamia latifolia;Apiaceae;(L.f.) Baill.;;;;Astydamia_latifolia_close.jpg;Astydamia_latifolia_whole.jpg;\textcolor{green}{SS};;;
Athamanta cervariifolia;Apiaceae;(DC.) DC.;Tinguarra cerviariifolia (DC.) Parl.;;;Athamanta cervariifolia_photo.jpg;Athamanta cervariifolia_ID.jpg;\textcolor{green}{SS};;;
Daucus carota;Apiaceae;L.;;;;Daucus_carota_flower.jpg;Daucus_carota_sketch.jpg;;;;
Drusa glandulosa;Apiaceae;(Poir.) H.Wolff ex Engl.;;;;Drusa_glandulosa_leaf.jpg;Drusa_glandulosa_flower.jpg;;;;
Ferula communis ssp linkii;Apiaceae;(Webb) Reduron \& Dobignard;;;;Ferula_linkii_photo.jpg;Ferula_linkii_ID.jpg;;;;
Foeniculum vulgare;Apiaceae;Mill.;;;;Foeniculum_vulgare_photo.jpg;Foeniculum_vulgare_ID.jpg;;;;
Pimpinella dendroselinum;Apiaceae;Webb;;;;Pimpinella_dendroselinum_photo.jpg;Pimpinella_dendroselinum_ID.jpg;\textcolor{green}{SS};;;
Scandix pecten-veneris;Apiaceae;L.;;;;Scandix_pecten-veneris_flower.jpg;Scandix_pecten-veneris_whole.jpg;;;;
Todaroa aurea ssp suaveolens;Apiaceae;P.Pérez;;;;Todaroa_aurea_suaveolens_photo.jpg;Todaroa_aurea_suaveolens_ID.jpg;\textcolor{green}{SS};;;
Torilis arvensis ssp neglecta;Apiaceae;(Schult.) Thell.;;;;Torilis_arvensis_neglecta_photo.jpg;Torilis_arvensis_ID.jpg;;;;
Ceropegia dichotoma;Apocynaceae;Haw.;;;;Ceropegia_dichotoma_photo.jpg;;\textcolor{red}{NN};;;
Nerium oleander;Apocynaceae;L.;;;;Nerium_oleander_close.jpg;Nerium_oleander_whole.jpg;;;;
Periploca laevigata;Apocynaceae;Aiton;;;;Periploca_laevigata_flower.jpg;Periploca_laevigata_close.jpg;;;;
Ilex canariensis;Aquifoliaceae;Poir.;;;;Ilex_canariensis_photo;Ilex_canariensis_FID;\textcolor{red}{NN}, \textcolor{green}{SS};;;
Colocasia esculenta;Araceae;(L.) Schott;;;;Colocasia_esculenta_leaf.jpg;Colocasia_esculenta_flower_1.jpg;;;;
Zantedeschia aethiopica;Araceae;(L.) Spreng.;;;;Zantedeschia_aethiopica_flower.jpg;Zantedeschia_aethiopica_whole.jpg;;;;
Hedera canariensis;Araliaceae;Willd.;;;;Hedera_canariensis_leaf.jpg;Hedera_canariensis_flower.jpg;;;;
Hedera helix ;Araliaceae;L.;;;;Hedera_helix_photo;Hedera_helix_ID;;;;
Agave americana;Asparagaceae;L.;;;;Agave_americana_whole.jpg;Agav_americana_ID;;;;
Asparagus asparagoides;Asparagaceae;(L.) Druce;;;;Asparagus_asparagoides_close.jpg;Asparagus_asparagoides_whole.jpg;;;;
Asparagus scoparius;Asparagaceae;Lowe;;;;Asparagus_scoparius_leaf.jpg;Asparagus_scoparius_whole.jpg;;;;
Semele androgyna;Asparagaceae;(L.) Kunth;;;;Semele_androgyna_flower.jpg;Semele_androgyna_whole.jpg;;;;
Asphodelus aestivus;Asphodelaceae;Brot.;;;;Asphodelus_aestivus_flower.jpg;Asphodelus_aestivus_whole.jpg;;;;
Asphodelus ramosus;Asphodelaceae;L.;;;;Asphodelus_ramosus_flower.jpg;Asphodelus_ramosus_whole.jpg;;;;
Asplenium adiantum-nigrum;Aspleniaceae;L.;;;;Asplenium_adiantum-nigrum_leaf.jpg;Asplenium_adiantum-nigrum_sketch.jpg;;;;
Asplenium hemionitis;Aspleniaceae;L.;;;;Asplenium_hemionitis_leaf.jpg;Asplenium_hemionitis_sketch.jpg;;;;
Asplenium onopteris;Aspleniaceae;L.;;;;Asplenium_onopteris_leaf_top.jpg;Asplenium_onopteris_leaf_under.jpg;\textcolor{red}{NN};;;
Diplazium caudatum;Aspleniaceae;(Cav.) Jermy;;;;Diplazium_caudatum_leaf_top.jpg;Diplazium_caudatum_leaf_under.jpg;;;;
Ageratina adenophora;Asteraceae;(Spreng.) R.M.King \& H.Rob.;;;;Ageratina_adenophora_photo;Ageratina_adenophora_ID;\textcolor{red}{NN}, \textcolor{green}{SS};;;
Ageratina riparia;Asteraceae;(Regel) R.M.King \& H.Rob.;;;;Ageratina_riparia_leaf.jpg;Ageratina_riparia_flower.jpg;\textcolor{red}{NN};;;
Andryala integrifolia;Asteraceae;L.;;;;Andryala_integrifolia_flower_1.jpg;Andryala_integrifolia_flower_2.jpg;;;;
Argyranthemum frutescens ssp frutescens;Asteraceae;(L.) Sch.Bip.;;;;Argyranthemum_frutescens_frutescens_photo.jpg;;\textcolor{red}{NN}, \textcolor{green}{SS};;;
Argyranthemum haouarytheum;Asteraceae;Humphries \& Bramwell;;;;Argyranthemum_haouarytheum_photo.jpg;Argyranthemum_frutescens_ID;\textcolor{red}{NN};;;
Argyranthemum webbii;Asteraceae;Sch.Bip.;;;;Argyranthemum_webbii_photo.jpg;;\textcolor{red}{NN};;;
Asteriscus aquaticus;Asteraceae;(L.) Less.;;;;Asteriscus_aquaticus_flower.jpg;Asteriscus_aquaticus_whole.jpg;;;;
Bidens pilosa;Asteraceae;L.;;;;Bidens_pilosa_flower.jpg;Bidens_pilosa_close.jpg;;;;
Calendula arvensis;Asteraceae;L.;;;;Calendula_arvensis_whole.jpg;Calendula_arvensis_sketch.jpg;;;;
Calendula officinalis;Asteraceae;L.;;;;Calendula_officinalis_whole.jpg;Calendula_officinalis_sketch.jpg;;;;
Carlina falcata;Asteraceae;Svent.;;;;Carlina_falcata_leaf.jpg;Carlina_falcata_flower.jpg;\textcolor{green}{SS};;;
Carlina salicifolia;Asteraceae;(L.f.) Cav.;;;;Carlina_salicifolia_flower.jpg;Carlina_salicifolia_close.jpg;;;;
Centaurea melitensis;Asteraceae;L.;;;;Centaurea_melitensis_flower.jpg;Centaurea_melitensis_close.jpg;;;;
Cerastium fontanum;Asteraceae;Baumg.;;;;Cerastium fontanum_photo.jpg;Cerastium_fontanum_ID.jpg;;;;
Cheirolophus sventenii ssp sventenii;Asteraceae;(A.Santos) G.Kunkel;;;flowerstem  10- 15 cm;Cheirolophus_sventenii_gracilis_photo;Cheirolophus_sventenii_sventenii_ID;\textcolor{red}{NN};;;
Cotula australis;Asteraceae;Hook.f.;;;;Cotula_australis_close.jpg;Cotula_australis_whole.jpg;;;;
Crepis canariensis;Asteraceae;(Sch.Bip.) Babc. ex Jenkins;;;;Crepis_canariensis_flower.jpg;Crepis_canariensis_whole.jpg;;;;
Erigeron canadensis;Asteraceae;L.;;;;Erigeron_canadensis_leaf.jpg;Erigeron_canadensis_flower.jpg;;;;
Erigeron floribundus;Asteraceae;(Kunth) Sch.Bip.;;;;Erigeron_floribundus_specimen.jpg;;;;;
Galactites tomentosus;Asteraceae;Moench;;;;Galactites_tomentosus_flower.jpg;Galactites_tomentosus_close.jpg;;;;
Galinsoga parviflora;Asteraceae;Cav.;;;;Galinsoga_parviflora_close.jpg;Galinsoga_parviflora_close_2.jpg;;;;
Galinsoga quadriradiata;Asteraceae;Ruiz \& Pav.;;;;Galinsoga_quadriradiata_leaf.jpg;Galinsoga_quadriradiata_close.jpg;;;;
Hedypnois arenaria;Asteraceae;(Schousb.) DC.;;;;Hedypnois_arenaria_photo;Hedypnois_arenaria_ID;;;;
Hedypnois rhagadioloides;Asteraceae;(L.) F.W.Schmidt;;;;Hedypnois_rhagadioloides_leaf.jpg;Hedypnois_rhagadioloides_flower.jpg;;;;
Helminthotheca echioides;Asteraceae;(L.) Holub;;;;Helminthotheca_echioides_flower.jpg;Helminthotheca_echioides_whole.jpg;;;;
"Kleinia neriifolia;Asteraceae;Haw.;;;;Kleinia_neriifolia_photo.jpg;Kleinia_neriifolia_ID.jpg;\textcolor{red}{NN}, \textcolor{green}{SS};";Asteraceae;Haw.;;;;Kleinia_neriifolia_photo.jpg;Kleinia_neriifolia_ID.jpg;\textcolor{red}{NN}, \textcolor{green}{SS};;;
Lactuca palmensis;Asteraceae;Bolle;;;;Lactuca_palmensis_flower.jpg;Lactuca_palmensis_whole.jpg;\textcolor{green}{SS};;;
Leontodon longirostris;Asteraceae;(Finch \& P.D.Sell) Talavera;Leontodon rothii Ball;;;Leontodon_longirostris_flower.jpg;Leontodon_longirostris_whole.jpg;;;;
Leontodon saxatilis;Asteraceae;Lam.;;;;leontodon_saxatilis_photo.jpg;Leontodon_saxatilis_ID.jpg;;;;
Logfia gallica;Asteraceae;(L.) Coss. \& Germ.;;;;Logfia_gallica_flower.jpg;Logfia_gallica_whole.jpg;;;;
Pallenis spinosa;Asteraceae;(L.) Cass.;;;;Pallenis_spinosa_photo.jpg;Pallenis_spinosa_ID.jpg;;;;
"Pericallis papyracea;Asteraceae;(DC.) B.Nord.;;;;;;\textcolor{red}{NN}, \textcolor{green}{SS};";Asteraceae;(DC.) B.Nord.;;;;Pericallis_papyracea_photo;Pericallis_papyracea_ID;\textcolor{red}{NN}, \textcolor{green}{SS};;;
Phagnalon rupestre;Asteraceae;(L.) DC.;;;;Phagnalon_rupestre_close.jpg;Phagnalon_rupestre_whole.jpg;;;;
Phagnalon saxatile;Asteraceae;(L.) Cass.;;;;Phagnalon_saxatile_close.jpg;Phagnalon_saxatile_whole.jpg;;;;
Phagnalon umbelliforme;Asteraceae;DC.;;;;Phagnalon_umbelliforme_photo.jpg;Phagnalon_umbelliforme_ID.jpg;\textcolor{green}{SS};;;
Ptilostemon hispanicus;Asteraceae;(Lam.) Greuter;;;;Ptilostemon_hispanicus_flower.jpg;Ptilostemon_hispanicus_close.jpg;;;;
Reichardia ligulata;Asteraceae;(Vent.) G.Kunkel \& Sunding;;;;Reichardia_ligulata_flower.jpg;Reichardia_ligulata_whole.jpg;\textcolor{red}{NN};;;
Reichardia picroides;Asteraceae;(L.) Roth;;;;Reichardia_picroides_whole.jpg;;;;;
Schizogyne sericea;Asteraceae;(L.f.) DC.;;;;Schizogyne_sericea_ID.jpg;Schizogyne_sericea_photo.jpg;\textcolor{green}{SS};;;
Senecio vulgaris;Asteraceae;L.;;;;Senecio_vulgaris_whole.jpg;Senecio_vulgaris_sketch.jpg;;;;
Sonchus arboreus;Asteraceae;(Brouss.) DC.;;;;Sonchus_arboreus_photo.jpg;Sonchus_arboreus_ID.jpg;;;;
Sonchus asper;Asteraceae;(L.) Hill;;;;Sonchus_asper_close.jpg;Sonchus_asper_sketch.jpg;;;;
Sonchus bornmuelleri;Asteraceae;Pit.;;;;Sonchus_bornmuelleri_photo.jpg;Sonchus_bornmuelleri_ID.jpg;\textcolor{red}{NN};;;
Sonchus hierrensis;Asteraceae;(Pit.) Boulos;;;;Sonchus_hierrensis_photo;Sonchus_hierrensis_ID;\textcolor{red}{NN}, \textcolor{green}{SS};;;
Sonchus oleraceus;Asteraceae;L.;;;;Sonchus_oleraceus_close.jpg;Sonchus_oleraceus_sketch.jpg;;;;
Sonchus palmensis;Asteraceae;(Webb) Boulos;;;;Sonchus_palmensis_photo;Sonchus_palmensis_ID;\textcolor{red}{NN}, \textcolor{green}{SS};;;
Tolpis laciniata;Asteraceae;Webb;;;;Tolpis_laciniata_flower.jpg;Tolpis_laciniata_close.jpg;;;;
Tolpis lagopoda;Asteraceae;C.Sm. ex Link;;;;Tolpis_lagopoda_flower.jpg;Tolpis_lagopoda_whole.jpg;\textcolor{green}{SS};;;
Tolpis umbellata;Asteraceae;Bertol.;;;;Tolpis_umbellata_leaf.jpg;Tolpis_umbellata_flower_under.jpg;;;;
Tragopogon porrifolius;Asteraceae;L.;;;;Tragopogon_porrifolius_flower.jpg;Tragopogon_porrifolius_flower_under.jpg;;;;
Urospermum picroides;Asteraceae;(L.) Scop. ex F.W.Schmidt;;;;Urospermum_picroides_flower.jpg;Urospermum_picroides_whole.jpg;;;;
Echium bethencourtii;Boraginaceae;A.Santos;;;Echium bethencourtii x webbii exists;Echium_bethencourtii_photo.jpg;Echium_bethencourtii_ID;;;;
Echium brevirame;Boraginaceae;Sprague \& Hutch.;;;;Echium_brevirame_flower.jpg;Echium_brevirame_whole.jpg;\textcolor{green}{SS};;;
Echium perezii;Boraginaceae;Sprague;;;;Echium_perezii_flower.jpg;Echium_perezii_whole.jpg;;;;
Echium plantagineum;Boraginaceae;L.;;;;Echium_plantagineum_close.jpg;Echium_plantagineum_whole.jpg;\textcolor{green}{SS};;;
Echium thyrsiflorum;Boraginaceae;Masson ex Link;;;;Echium_thyrsiflorum_ID.jpg;Echium_thyrsiflorum_photo.jpg;\textcolor{green}{SS};;;
Echium webbii;Boraginaceae;Coincy;;;;Echium_webbii_photo.jpg;Echium_webbii_ID;\textcolor{red}{NN}, \textcolor{green}{SS};;;
Echium wildpretii;Boraginaceae;H.Pearson ex Hook.f.;;;;Echium_wildpretii_flower.jpg;Echium_wildpretii_whole.jpg;;;;
Myosotis latifolia;Boraginaceae;Poir.;;;;Myosotis_latifolia_whole.jpg;;\textcolor{red}{NN};;;
Arabis caucasica;Brassicaceae;Willd.;;;;Arabis_caucasica_flower.jpg;Arabis_caucasica_close.jpg;\textcolor{green}{SS};;;
Capsella bursa-pastoris;Brassicaceae;(L.) Medik.;;;;Capsella_bursa-pastoris_flower.jpg;Capsella_bursa-pastoris_sketch.jpg;;;;
Capsella rubella;Brassicaceae;Reut.;;;;Capsella_rubella_close.jpg;Capsella_rubella_sketch.jpg;;;;
Cardamine hirsuta;Brassicaceae;L.;;;;Cardamine_hirsuta_flower.jpg;Cardamine_hirsuta_sketch.jpg;;;;
Descurainia gilva;Brassicaceae;Svent.;;;;Descurainia_gilva_photo;Descurainia_gilva_ID;\textcolor{red}{NN}, \textcolor{green}{SS};;;
Descurainia millefolia;Brassicaceae;(Jacq.) Webb \& Berthel.;;;;Descurainia_millefolia_photo;Descurainia_millefolia_ID;\textcolor{red}{NN}, \textcolor{green}{SS};;;
Erysimum bicolor;Brassicaceae;(Hornem.) DC.;;;;Erysimum_bicolor_flower.jpg;Erysimum_bicolor_whole.jpg;\textcolor{green}{SS};;;
Erysimum scoparium;Brassicaceae;(Brouss. ex Willd.) Wettst.;;;;Erysimum_scoparium_photo.jpg;Erysimum_scoparium_ID.jpg;\textcolor{red}{NN}, \textcolor{green}{SS};;;
Hirschfeldia incana;Brassicaceae;(L.) Lagr.-Foss.;;;;Hirschfeldia_incana_flower.jpg;Hirschfeldia_incana_whole.jpg;;;;
Lepidium didymum;Brassicaceae;L.;;;;Lepidium_didymum_flower.jpg;Lepidium_didymum_close.jpg;;;;
Lobularia canariensis ssp intermedia;Brassicaceae;(Webb) L.Borgen;;;;Lobularia_canariensis_intermedia.jpg;Lobularia_canariensis_intermedia_ID.jpg;\textcolor{green}{SS};;;
Lobularia canariensis ssp palmensis;Brassicaceae;(Webb ex Christ) L.Borgen;;;;Lobularia_canariensis_palmensis_photo.jpg;Lobularia_canariensis_palmensis_ID.jpg;\textcolor{green}{SS};;;
Raphanus raphanistrum;Brassicaceae;L.;;;;Raphanus_raphanistrum_close.jpg;Raphanus_raphanistrum_sketch.jpg;;;;
Opuntia dillenii;Cactaceae;(Ker Gawl.) Haw.;Opuntia tuna (L.) Mill.;;;Opuntia_dillenii_flower.jpg;Opuntia_dillenii_whole.jpg;;;;
Opuntia ficus-indica;Cactaceae;(L.) Mill.;;;;Opuntia_ficusindica_photo.jpg;Opuntia_ficusindica_ID.jpg;;;;
Opuntia maxima;Cactaceae;Mill.;;;;Opuntia_maxima_flower.jpg;Opuntia_maxima_close.jpg;;;;
Opuntia tomentosa;Cactaceae;Salm-Dyck;;;;Opuntia_tomentosa_flower.jpg;Opuntia_tomentosa_whole.jpg;;;;
Opuntia tuna;Cactaceae;(L.) Mill.;;;;Opuntia_tuna_close.jpg;Opuntia_tuna_photo;;;;
Campanula erinus;Campanulaceae;L.;;;;Campanula_erinus_flower.jpg;Campanula_erinus_whole.jpg;;;;
Canarina canariensis;Campanulaceae;(L.) Vatke;;;;Canarina_canariensis_flower.jpg;Canarina_canariensis_close.jpg;;;;
Wahlenbergia lobelioides;Campanulaceae;(L.f.) Link;;;;Wahlenbergia_lobelioides_close.jpg;Wahlenbergia_lobelioides_whole.jpg;\textcolor{green}{SS};;;
Pterocephalus porphyranthus;Caprifoliaceae;Svent.;;;;Pterocephalus_porphyranthus_leaf.jpg;Pterocephalus_porphyranthus_flower.jpg;\textcolor{green}{SS};;;
Carica papaya;Caricaceae;L.;;;;Carica_papaya_flower.jpg;Carica_papaya_close.jpg;;;;
Arenaria serpyllifolia;Caryophyllaceae;L.;;;;Arenaria_serpyllifolia_flower.jpg;Arenaria_serpyllifolia_sketch.jpg;;;;
Cerastium arvense;Caryophyllaceae;L.;;;;Cerastium_arvense_flower.jpg;Cerastium_arvense_sketch.jpg;;;;
Paronychia canariensis;Caryophyllaceae;(L.f.) Link;;;;Paronychia_canariensis_photo.jpg;Paronychia_canariensis_ID.jpg;;;;
Petrorhagia nanteuilii;Caryophyllaceae;(Burnat) P.W.Ball \& Heywood;;;;Petrorhagia_nanteuilii_photo.jpg;Petrorhagia_nanteuilii_ID.jpg;;;;
Petrorhagia prolifera;Caryophyllaceae;(L.) P.W.Ball \& Heywood;;;;Petrorhagia_prolifera_photo.jpg;Petrorhagia_prolifera_photo_ID.jpg;;;;
Polycarpaea divaricata;Caryophyllaceae;Briq.;;;;Polycarpaea_divaricata_flower.jpg;Polycarpaea_divaricata_whole.jpg;;;;
Polycarpaea divaricata;Caryophyllaceae;Balf.f.;Polycarpaea balfourii Briq.;;;Polycarpea_divaricata_photo.jpg;Polycarpea_divaricata_ID.jpg;;;;
Polycarpaea nivea;Caryophyllaceae;(Aiton) Webb;;;;Polycarpaea_nivea_flower.jpg;Polycarpaea_nivea_whole.jpg;;;;
Polycarpaea smithii;Caryophyllaceae;Link;;;;Polycarpaea_smithii_flower.jpg;Polycarpaea_smithii_whole.jpg;\textcolor{red}{NN};;;
Polycarpaea tenuis;Caryophyllaceae;Webb ex Christ;;;;Polycarpaea_tenuis_photo.jpg;Polycarpaea_tenuis_ID.jpg;\textcolor{green}{SS};;;
Polycarpon tetraphyllum;Caryophyllaceae;(L.) L.;;;;Polycarpon_tetraphyllum_close.jpg;Polycarpon_tetraphyllum_whole.jpg;;;;
Silene gallica;Caryophyllaceae;L.;;;;Silene_gallica_whole.jpg;Silene_gallica_sketch.jpg;;;;
Silene pogonocalyx;Caryophyllaceae;(Svent.) Bramwell;;;;Silene_pogonocalyx_photo.jpg;Silene_pogonocalyx_ID.jpg;\textcolor{green}{SS};;;
Silene vulgaris;Caryophyllaceae;(Moench) Garcke;;;;Silene_vulgaris_whole.jpg;Silene_vulgaris_sketch.jpg;;;;
Spergula arvensis;Caryophyllaceae;L.;;;;Spergula_arvensis_whole.jpg;Spergula_arvensis_sketch.jpg;;;;
Spergularia marina;Caryophyllaceae;(L.) Besser;;;;Spergularia_marina_photo.jpg;Spergularia_marina_ID.jpg;;;;
Stellaria media;Caryophyllaceae;(L.) Vill.;;;;Stellaria_media_whole.jpg;Stellaria_media_sketch.jpg;;;;
Cistus monspeliensis;Cistaceae;L.;;;;Cistus_monspeliensis_flower.jpg;Cistus_monspeliensis_whole.jpg;\textcolor{red}{NN};;;
Cistus symphytifolius;Cistaceae;Lam.;;;;Cistus_symphytifolius_flower.jpg;Cistus_symphytifolius_whole.jpg;\textcolor{green}{SS};;;
Tuberaria guttata;Cistaceae;(L.) Fourr.;;;;Tuberaria_guttata_flower.jpg;Tuberaria_guttata_sketch.jpg;;;;
Tradescantia fluminensis;Commelinaceae;Vell.;;;;Tradescantia_fluminensis_flower.jpg;Tradescantia_fluminensis_close.jpg;;;;
Convolvulus althaeoides;Convolvulaceae;L.;;;;Convolvulus_althaeoides_flower.jpg;Convolvulus_althaeoides_whole.jpg;;;;
Convolvulus siculus;Convolvulaceae;L.;;;;Convolvulus_siculus_flower.jpg;Convolvulus_siculus_close.jpg;;;;
Aeonium arboreum;Crassulaceae;(L.) Webb \& Berthel.;;;;Aeonium_arboreum_close.jpg;Aeonium_arboreum_whole.jpg;;;;
Aeonium arboreum ssp holochrysum;Crassulaceae;(H.Y.Liu) Bañares;;;;Aeonium_arboreum_ssp_holochrysum_close.jpg;Aeonium_arboreum_holochrysum_photo.jpg;\textcolor{red}{NN};;;
Aeonium canariense ssp christii;Crassulaceae;(Praeger) Bañares;;;;Aeonium_canariense_ssp_christii_close.jpg;Aeonium_canariense_ssp_christii_whole.jpg;;;;
Aeonium davidbramwellii;Crassulaceae;H.Y.Liu;;;;Aeonium_davidbramwellii_photo.jpg;Aeonium_davidbramwellii_ID;\textcolor{red}{NN}, \textcolor{green}{SS};;;
Aeonium diplocyclum;Crassulaceae;(Webb ex Bolle) T.H.M.Mes;Aeonium aureum;;;Aeonium_diplocyclum_photo.jpg;Aeonium_diplocyclum_ID;\textcolor{red}{NN}, \textcolor{green}{SS};;;
Aeonium goochiae;Crassulaceae;Webb \& Berthel.;;;;Aeonium_goochiae_photo.jpg;Aeonium_goochiae_ID;\textcolor{red}{NN};;;
Aeonium palmense;Crassulaceae;Webb;Aeonium canariense subsp. christii;;;Aeonium_palmense_photo.jpg;Aeonium_palmense_ID;\textcolor{red}{NN};;;
Aeonium spathulatum;Crassulaceae;(Hornem.) Praeger;;;;Aeonium_spathulatum_close.jpg;Aeonium_spathulatum_whole.jpg;\textcolor{green}{SS};;;
Aichryson laxum;Crassulaceae;(Haw.) Bramwell;;;;Aichryson_laxum_leaf.jpg;Aichryson_laxum_flower.jpg;\textcolor{red}{NN};;;
Crassula campestris;Crassulaceae;(Eckl. \& Zeyh.) Endl.;;;;Crassula_campestris_whole.jpg;Crassula_campestris_ID;;;;
Crassula muscosa;Crassulaceae;L.;;;;Crassula_muscosa_close.jpg;Crassula_muscosa_whole.jpg;;;;
Crassula tillaea;Crassulaceae;Lest.-Garl.;;;;Crassula_tillaea_whole.jpg;Crassula_tillaea_photo;;;;
Umbilicus gaditanus;Crassulaceae;Boiss.;;;;Umbilicus_gaditanus_flower.jpg;Umbilicus_gaditanus_whole.jpg;;;;
Umbilicus horizontalis;Crassulaceae;(Guss.) DC.;;;;Umbilicus_horizontalis_photo;Umbilicus_horizontalis_ID;;;;
Juniperus canariensis;Cupressaceae;Guyot \& Mathou;;;;Juniperus_canariensis_photo.jpg;Juniperus_canariensis_ID.jpg;\textcolor{green}{SS};;;
Carex divulsa;Cyperaceae;Stokes;;;;Carex_divulsa_flower.jpg;Carex_divulsa_close.jpg;;;;
Cytinus hypocistis;Cytinaceae;(L.) L.;;;;Cytinus_hypocistis_flower.jpg;Cytinus_hypocistis_whole.jpg;;;;
Cytisus supranubius;Cytinaceae;(L.f.) Kuntze;;;;Cytisus_supranubius_photo.jpg;Cytisus_supranubius_ID.jpg;\textcolor{green}{SS};;;
Pteridium aquilinum;Dennstaedtiaceae;(L.) Kuhn;;;;Pteridium_aquilinum_close.jpg;Pteridium_aquilinum_sketch.jpg;\textcolor{green}{SS};;;
Dioscorea communis;Dioscoreaceae;(L.) Caddick \& Wilkin;;;;Dioscorea_communis_leaf.jpg;Dioscorea_communis_sketch.jpg;;;;
Tamus edulis;Dioscoreaceae;Lowe;Dioscorea edulis (Lowe) M.Campos;;;Dioscorea_edulis_photo;Dioscorea_edulis_ID;;;;
Erica arborea;Ericaceae;L.;;;;Erica_arborea_flower.jpg;Erica_arborea_whole.jpg;;;;
Erica canariensis;Ericaceae;Rivas Mart.;;;;erica_canariensis_photo;erica_canariensis_ID;\textcolor{red}{NN}, \textcolor{green}{SS};;;
Euphorbia balsamifera;Euphorbiaceae;Aiton;;;;Euphorbia_balsamifera_whole.jpg;Euphorbia_balsamifera_ID;;;;
Euphorbia canariensis;Euphorbiaceae;L.;;;;Euphorbia_canariensis_photo.jpg;Euphorbia_canariensis_ID.jpg;\textcolor{red}{NN};;;
Euphorbia lamarckii;Euphorbiaceae;Sweet;;;;Euphorbia_lamarckii_flower.jpg;Euphorbia_lamarckii_whole.jpg;\textcolor{red}{NN};;;
Euphorbia peplis;Euphorbiaceae;L.;;;;Euphorbia_peplis_photo.jpg;Euphorbia_peplis_ID.jpg;;;;
Euphorbia peplus;Euphorbiaceae;L.;;;;Euphorbia_peplus_flower.jpg;Euphorbia_peplus_whole.jpg;;;;
Mercurialis annua;Euphorbiaceae;L.;;;;Mercurialis_annua_close.jpg;Mercurialis_annua_whole.jpg;;;;
Mercurialis cf canariensis;Euphorbiaceae;Obbard \& S.A.Harris;;;;Mercurialis_canariensis_photo.jpg;Mercurialis_canariensis_ID.jpg;;;;
Adenocarpus foliolosus var foliolosus;Fabaceae;(Aiton) DC.;;;;Adenocarpus_foliosus_photo.jpg;Adenocarpus_foliolosus_ID;\textcolor{red}{NN}, \textcolor{green}{SS};;;
Adenocarpus viscosus;Fabaceae;(Willd.) Webb \& Berthel.;;;;Adenocarpus_viscosus_flower.jpg;Adenocarpus_viscosus_whole.jpg;;;;
Adenocarpus viscosus ssp spartioides;Fabaceae;(Webb \& Berthel.) Rivas Mart. \& Belmonte;;;leafs up to 14 mm;Adenocarpus_viscosus_photo.jpg;;\textcolor{green}{SS};;;
Bituminaria bituminosa;Fabaceae;(L.) C.H.Stirt.;;;;Bituminaria_bituminosa_flower.jpg;Bituminaria_bituminosa_close.jpg;\textcolor{green}{SS};;;
Chamaecytisus prolifer;Fabaceae;(L.f.) Link;;;;Chamaecytisus_prolifer_fruit;Chamaecytisus_prolifer_ID;\textcolor{red}{NN}, \textcolor{green}{SS};;;
Genista benehoavensis;Fabaceae;(Bolle) del Arco;;;;Genista_benehoavensis_photo.jpg;Genista_benehoavensis_ID.jpg;\textcolor{red}{NN}, \textcolor{green}{SS};;;
Genista splendens;Fabaceae;Webb \& Berthel.;;;;Genista_splendens_flower.jpg;Genista_splendens_whole.jpg;;;;
Genista stenopetala;Fabaceae;Webb \& Berthel.;;;;Genista_stenopetala_flower.jpg;Genista_stenopetala_close.jpg;;;;
Lathyrus angulatus;Fabaceae;L.;Lathyrus sphaericus Retz.;;;Lathyrus_angulatus_photo.jpg;Lathyrus_angulatus_ID.jpg;;;;
Lathyrus articulatus;Fabaceae;Loisel.;Lathyrus clymenum L;;;Lathyrus_articulatus_flower.jpg;Lathyrus_articulatus_whole.jpg;;;;
Lathyrus clymenum;Fabaceae;L.;;;;Lathyrus_clymenum_flower.jpg;Lathyrus_clymenum_fruit.jpg;;;;
Lathyrus ochrus;Fabaceae;(L.) DC.;;;;Lathyrus_ochrus_flower.jpg;Lathyrus_ochrus_close.jpg;;;;
Lathyrus sativus;Fabaceae;L.;;;;Lathyrus_sativus_whole.jpg;Lathyrus_sativus_sketch.jpg;;;;
Lathyrus sphaericus;Fabaceae;Retz.;;;;Lathyrus_sphaericus_flower.jpg;Lathyrus_sphaericus_close.jpg;;;;
Lathyrus tingitanus;Fabaceae;L.;;;;Lathyrus_tingitanus_flower.jpg;Lathyrus_tingitanus_close.jpg;;;;
Lotus campylocladus ssp hillebrandii;Fabaceae;(Christ) Sandral \& D.D.Sokoloff;;;;Lotus_campylocladus_hillebrandii_photo.jpg;Lotus_campylocladus_hillebrandii_ID.jpg;\textcolor{green}{SS};;;
Medicago minima;Fabaceae;(L.) Bartal.;;;;Medicago_minima_leaf.jpg;Medicago_minima_flower.jpg;;;;
Medicago polymorpha;Fabaceae;L.;;;;Medicago_polymorpha_flower.jpg;Medicago_polymorpha_sketch.jpg;;;;
Melilotus indicus;Fabaceae;(L.) All.;;;;Melilotus_indicus_close.jpg;Melilotus_indicus_whole.jpg;;;;
Ononis christii;Fabaceae;Bolle;;;;Ononis_christii_flower.jpg;Ononis_christii_whole.jpg;;;;
Ornithopus compressus;Fabaceae;L.;;;;Ornithopus_compressus_fruit.jpg;Ornithopus_compressus_close.jpg;;;;
Retama monosperma;Fabaceae;(L.) Boiss.;;;;Retama_monosperma_photo.jpg;Retama_monosperma_ID.jpg;\textcolor{green}{SS};;;
Retama raetam;Fabaceae;(Forssk.) Webb \& Berthel.;;;;Retama_raetam_photo.jpg;Retama_raetam_ID.jpg;;;;
Scorpiurus muricatus;Fabaceae;L.;;;;Scorpiurus_muricatus_flower.jpg;Scorpiurus_muricatus_close.jpg;;;;
Teline splendens;Fabaceae;(Webb \& Berthel.) del Arco;Genista splendens Webb \& Berthel.;;;Teline_splendens_photo.jpg;Teline_splendens_ID.jpg;;;;
Teline stenopetala;Fabaceae;(Webb \& Berthel.) Webb \& Berthel.;Genista stenopetala Webb \& Berthel.;;;Teline_stenopetala_photo.jpg;Teline_stenopetala_ID.jpg;;;;
Teline stenopetala ssp sericea;Fabaceae;;;;;Teline_stenopetala_sericea_photo.jpg;Teline_stenopetala_sericea_ID.jpg;\textcolor{red}{NN};;;
Trifolium angustifolium;Fabaceae;L.;;;;Trifolium_angustifolium_flower.jpg;Trifolium_angustifolium_close.jpg;;;;
Trifolium arvense;Fabaceae;L.;;;;Trifolium_arvense_close.jpg;Trifolium_arvense_sketch.jpg;;;;
Trifolium aureum;Fabaceae;Pollich;;;;Trifolium_aureum_close.jpg;Trifolium_aureum_sketch.jpg;;;;
Trifolium campestre;Fabaceae;Schreb.;;;;Trifolium_campestre_close.jpg;Trifolium_campestre_sketch.jpg;;;;
Trifolium glomeratum;Fabaceae;L.;;;;Trifolium_glomeratum_close.jpg;Trifolium_glomeratum_close_2.jpg;;;;
Trifolium ligusticum;Fabaceae;Balb. ex Loisel.;;;;Trifolium_ligusticum_flower.jpg;Trifolium_ligusticum_close.jpg;;;;
Trifolium pratense;Fabaceae;L.;;;;Trifolium_pratense_close.jpg;Trifolium_pratense_sketch.jpg;;;;
Trifolium scabrum;Fabaceae;L.;;;;Trifolium_scabrum_close.jpg;Trifolium_scabrum_sketch.jpg;;;;
Trifolium stellatum;Fabaceae;L.;;;;Trifolium_stellatum_flower.jpg;Trifolium_stellatum_close.jpg;;;;
Trifolium striatum;Fabaceae;L.;;;;Trifolium_striatum_flower.jpg;Trifolium_striatum_close.jpg;;;;
Vicia aphylla;Fabaceae;C.Sm. ex Link;;;;Vicia_aphylla_flower.jpg;Vicia_aphylla_fruit.jpg;;;;
Vicia articulata;Fabaceae;Hornem.;;;;Vicia_articulata_flower.jpg;Vicia_articulata_sketch.jpg;;;;
Vicia disperma;Fabaceae;DC.;;;;Vicia_disperma_flower.jpg;Vicia_disperma_fruit.jpg;;;;
Vicia ervilia;Fabaceae;(L.) Willd.;;;;Vicia_ervilia_fruit.jpg;Vicia_ervilia_sketch.jpg;;;;
Vicia hirsuta;Fabaceae;(L.) Gray;;;;Vicia_hirsuta_flower.jpg;Vicia_hirsuta_sketch.jpg;;;;
Vicia hybrida;Fabaceae;L.;;;;Vicia_hybrida_photo.jpg;Vicia_hybrida_ID.jpg;;;;
Vicia lutea;Fabaceae;L.;;;;Vicia_lutea_close.jpg;Vicia_lutea_sketch.jpg;;;;
Vicia sativa ssp nigra;Fabaceae;Ehrh.;;;;Vicia_sativa_nigra_photo.jpg;Vicia_sativa_nigra_ID.jpg;;;;
Castanea sativa;Fagaceae;Mill.;;;;Castanea_sativa_leaf.jpg;Castanea_sativa_sketch.jpg;;;;
Frankenia laevis;Frankeniaceae;L.;;;;Frankenia_laevis_flower.jpg;Frankenia_laevis_close.jpg;;;;
Gyrandra tenuifolia;Gentianaceae;(M.Martens \& Galeotti) G.Mans.;;;cf species;Gyrandra_tenuifolia_ID.jpg;Centaurium_tenuiflorum_photo.jpg;;;;
Erodium chium;Geraniaceae;(L.) Willd.;;;;Erodium_chium_flower.jpg;Erodium_chium_whole.jpg;;;;
Erodium cicutarium;Geraniaceae;(L.) L'Hér;;;;Erodium_cicutarium_flower.jpg;Erodium_cicutarium_whole.jpg;;;;
Erodium malacoides;Geraniaceae;(L.) L'Hér.;;;;Erodium_malacoides_flower.jpg;Erodium_malacoides_whole.jpg;;;;
Erodium moschatum;Geraniaceae;(L.) L'Hér.;;;;Erodium_moschatum_flower.jpg;Erodium_moschatum_close.jpg;;;;
Geranium dissectum;Geraniaceae;L.;;;;Geranium_dissectum_close.jpg;Geranium_dissectum_sketch.jpg;;;;
Geranium maculatum;Geraniaceae;L.;;;;Geranium_maculatum_flower.jpg;Geranium_maculatum_whole.jpg;;;;
Geranium purpureum;Geraniaceae;Vill.;;;;Geranium_purpureum_close.jpg;Geranium_purpureum_sketch.jpg;;;;
Geranium reuteri;Geraniaceae;Aedo \& Muñoz Garm.;Geranium canariense Reut.;;;Geranium_canariense_photo.jpg;Geranium_reuteri_ID.jpg;\textcolor{green}{SS};;;
Geranium robertianum;Geraniaceae;L.;;;;Geranium_robertianum_whole.jpg;Geranium_robertianum_sketch.jpg;;;;
Geranium rotundifolium;Geraniaceae;L.;;;;Geranium_rotundifolium_close.jpg;Geranium_rotundifolium_sketch.jpg;;;;
Hypericum canariense;Hypericaceae;L.;;;;Hypericum_canariense_flower.jpg;Hypericum_canariense_whole.jpg;\textcolor{red}{NN};;;
Hypericum glandulosum;Hypericaceae;Aiton;;;;Hypericum_glandulosum_leaf.jpg;Hypericum_glandulosum_flower.jpg;;;;
Hypericum grandifolium;Hypericaceae;Choisy;;;;Hypericum_grandifolium_photo;Hypericum_grandifolium_ID;\textcolor{red}{NN}, \textcolor{green}{SS};;;
Hypericum montanum;Hypericaceae;L.;;;;Hypericum_montanum_flower.jpg;Hypericum_montanum_sketch.jpg;;;;
Hypericum perforatum;Hypericaceae;L.;;;;Hypericum_perforatum_close.jpg;Hypericum_perforatum_sketch.jpg;;;;
Hypericum reflexum;Hypericaceae;L.f.;;;;Hypericum_reflexum_photo;Hypericum_reflexum_ID;;;;
Hypericum xylosteifolium;Hypericaceae;(Spach) N.Robson;;;;Hypericum_xylosteifolium_flower.jpg;Hypericum_xylosteifolium_whole.jpg;;;;
Chasmanthe aethiopica;Iridaceae;(L.) N.E.Br.;;;;Chasmanthe_aethiopica_flower.jpg;Chasmanthe_aethiopica_close.jpg;;;;
Gladiolus italicus;Iridaceae;Mill.;;;;Gladiolus_italicus_flower.jpg;Gladiolus_italicus_whole.jpg;;;;
Luzula elegans;Juncaceae;Lowe;;;;Luzula_elegans_flower.jpg;Luzula_elegans_whole.jpg;;;;
Bystropogon canariensis;Lamiaceae;(L.) L'Hér.;;;;Bystropogon_canariensis_photo.jpg;Bystropogon_canariensis_ID;\textcolor{green}{SS};;;
Bystropogon origanifolius;Lamiaceae;L'Hér.;;;;Bystropogon_origanifolius_photo;Bystropogon_origanifolius_ID;\textcolor{red}{NN}, \textcolor{green}{SS};;;
Cedronella canariensis;Lamiaceae;(L.) Webb \& Berthel.;;;;Cedronella_canariensis_photo;Cedronella_canariensis_ID;\textcolor{red}{NN}, \textcolor{green}{SS};;;
Clinopodium menthifolium ssp ascendens;Lamiaceae;(Jord.) Govaerts;;;;Calamintha_ascendens_photo.jpg;Calamintha_methifolia_ID.jpg;;;;
Lavandula canariensis;Lamiaceae;Mill.;;;;Lavandula_canariensis_flower.jpg;Lavandula_canariensis_whole.jpg;\textcolor{red}{NN};;;
Mentha cf arvensis;Lamiaceae;L.;;;;Mentha_arvensis_photo.jpg;Mentha_arvensis_ID.jpg;;;;
Micromeria herpyllomorpha ssp herpyllomorpha;Lamiaceae;Webb \& Berthel.;;;50-1800 m;;;\textcolor{red}{NN}, \textcolor{green}{SS};;;
Micromeria herpyllomorpha ssp palmensis;Lamiaceae;(Bolle) Puppo;;;2000-2400 m;Micromeria_palmensis_photo;;;;;
Origanum vulgare;Lamiaceae;L.;;;;Origanum_vulgare_flower.jpg;Origanum_vulgare_ssp_virens_fruit.jpg;;;;
Origanum vulgare subsp. virens;Lamiaceae;(Hoffmanns. \& Link) ;;;;;;;;;
Prunella vulgaris;Lamiaceae;L.;;;;Prunella_vulgaris_photo.jpg;Prunella_vulgaris_ID.jpg;;;;
Sideritis canariensis;Lamiaceae;L.;;;;Sideritis_canariensis_photo.jpg;Sideritis_canariensis_ID.jpg;\textcolor{green}{SS};;;
Stachys arvensis;Lamiaceae;(L.) L.;;;;Stachys_arvensis_close.jpg;Stachys_arvensis_sketch.jpg;;;;
Stachys germanica;Lamiaceae;L.;;;;Stachys_germanica_photo.jpg;Stachys_germanica_ID.jpg;;;;
Stachys ocymastrum;Lamiaceae;(L.) Briq.;;;;Stachys_ocymastrum_flower.jpg;Stachys_ocymastrum_whole.jpg;;;;
Laurus novocanariensis;Lauraceae;Rivas Mart.;;;;;Laurus_novocanariensis_JID;\textcolor{red}{NN}, \textcolor{green}{SS};;;
Ocotea foetens;Lauraceae;(Aiton) Baill.;;;cf species;Ocotea_foetens_photo.jpg;Ocotea_foetens_JID;;;;
Persea barbujana;Lauraceae;(Cav.) Mabb. \& Nieto Fel.;;;;Persea_barbujana_photo.jpg;Persea_barbujana_ID.jpg;\textcolor{red}{NN};;;
Persea indica;Lauraceae;(L.) Spreng;;;;;Persea_indica_JID;\textcolor{red}{NN}, \textcolor{green}{SS};;;
Linum strictum;Linaceae;L.;;;;Linum_strictum_flower.jpg;Linum_strictum_close.jpg;;;;
Lythrum hyssopifolia;Lythraceae;L.;;;;Lythrum_hyssopifolia_leaf.jpg;Lythrum_hyssopifolia_flower.jpg;;;;
Lythrum salicaria;Lythraceae;L.;;;;Lythrum_salicaria_leaf.jpg;Lythrum_salicaria_flower.jpg;;;;
Malva neglecta;Malvaceae;Wallr.;;;;Malva_neglecta_whole.jpg;Malva_neglecta_sketch.jpg;;;;
Malva parviflora;Malvaceae;L.;;;;Malva_parviflora_leaf.jpg;Malva_parviflora_flower.jpg;;;;
Myrica faya;Myricaceae;Aiton;;;;;;\textcolor{red}{NN}, \textcolor{green}{SS};;;
Jasminum fruticans;Oleaceae;L.;Chrysojasminum fruticans (L.) Banfi;;;Chrysojasminum_fruticans_photo.jpg;Jasminum_fruticans_photo.jpg;;;;
Picconia excelsa;Oleaceae;(Aiton) DC.;;;;Picconia_excelsa_bark_1.jpg;Picconia_excelsa_bark_2.jpg;;;;
Epilobium parviflorum;Onagraceae;Schreb.;;;;Epilobium_parviflorum_flower.jpg;Epilobium_parviflorum_close.jpg;;;;
Gennaria diphylla;Orchidaceae;(Link) Parl.;;;;Gennaria_diphylla_flower.jpg;Gennaria_diphylla_whole.jpg;;;;
Orchis canariensis;Orchidaceae;Lindl.;;;;Orchis_canariensis_photo.jpg;Orchis_canariensis_ID.jpg;;;;
Oxalis corniculata;Oxalidaceae;L.;;;;Oxalis_corniculata_close.jpg;Oxalis_corniculata_sketch.jpg;;;;
Fumaria coccinea;Papaveraceae;Lowe ex Pugsley;;;;Fumaria_coccinea_leaf.jpg;Fumaria_coccinea_flower.jpg;;;;
Fumaria muralis;Papaveraceae;Sond. ex W.D.J.Koch;;;;Fumaria_muralis_leaf.jpg;Fumaria_muralis_close.jpg;;;;
Papaver dubium;Papaveraceae;L.;;;;Papaver_dubium_close.jpg;Papaver_dubium_sketch.jpg;;;;
Pinus canariensis;Pinaceae;C.Sm. ex DC.;;;;;;\textcolor{red}{NN}, \textcolor{green}{SS};;;
Antirrhinum majus;Plantaginaceae;L.;;;;Antirrhinum_majus_flower.jpg;Antirrhinum_majus_whole.jpg;;;;
Globularia salicina;Plantaginaceae;Lam.;;;;Globularia_salicina_flower.jpg;Globularia_salicina_whole.jpg;\textcolor{red}{NN};;;
Misopates orontium;Plantaginaceae;(L.) Raf.;;;;Misopates_orontium_flower.jpg;Misopates_orontium_whole.jpg;;;;
Plantago arborescens ssp arborescens;Plantaginaceae;(Mirb.) Poir.;;;;Plantago_arborescens_arborescens_photo.jpg;Plantago_arborescens_arborescens_ID.jpg;;;;
Plantago coronopus ssp coronopus;Plantaginaceae;L.;;;;;;;;;
Plantago lagopus;Plantaginaceae;L.;;;;Plantago_lagopus_flower.jpg;Plantago_lagopus_whole.jpg;;;;
Plantago media;Plantaginaceae;L.;;;;Plantago_media_photo.jpg;Plantago_major_ID.jpg;;;;
"Plantago webbii;Plantaginaceae;Barnéoud;;;;;;\textcolor{red}{NN}, \textcolor{green}{SS};";;;;;;;;;;;
Veronica arvensis;Plantaginaceae;L.;;;;Veronica_arvensis_close.jpg;Veronica_arvensis_sketch.jpg;;;;
Veronica hederifolia;Plantaginaceae;L.;;;;Veronica_hederifolia_close.jpg;Veronica_hederifolia_sketch.jpg;;;;
Veronica persica;Plantaginaceae;Poir.;;;;Veronica_persica_close.jpg;Veronica_persica_sketch.jpg;;;;
Limonium imbricatum;Plumbaginaceae;(Webb ex Girard) H.Arnaud;;;;Limonium_imbricatum_photo.jpg;Limonium_imbricatum_ID.jpg;\textcolor{red}{NN};;;
Limonium pectinatum;Plumbaginaceae;(Aiton) Kuntze;;;;Limonium_pectinatum_flower.jpg;Limonium_pectinatum_whole.jpg;\textcolor{green}{SS};;;
Agrostis stolonifera;Poaceae;L.;;;;Agrostis_stolonifera_whole.jpg;Agrostis_stolonifera_sketch.jpg;;;;
Aira caryophyllea;Poaceae;L.;;;;Aira_caryophyllea_flower.jpg;Aira_caryophyllea_sketch.jpg;;;;
Alopecurus myosuroides;Poaceae;Huds.;;;;Alopecurus_myosuroides_flower.jpg;Alopecurus_myosuroides_sketch.jpg;;;;
Aristida adscensionis;Poaceae;L.;;;;Aristida_adscensionis_flower.jpg;Aristida_adscensionis_node.jpg;;;;
Arrhenatherum calderae;Poaceae;A.Hansen;;;;Arrhenatherum_calderae_flower.jpg;Arrhenatherum_calderae_whole.jpg;;;;
Arrhenatherum elatius ssp bulbosum;Poaceae;(Willd.) Schübl. \& G.Martens;;;;Arrhenatherum_elatius_ssp_bulbosum_bulb.jpg;Arrhenatherum_bulbosum_ID;;;;
Arundo donax;Poaceae;L.;;;;Arundo_donax_sheath.jpg;Arundo_donax_whole.jpg;;;;
Avena barbata;Poaceae;Pott ex Link;;;;Avena_barbata_flower_1.jpg;Avena_barbata_flower_2.jpg;;;;
Brachypodium distachyon;Poaceae;(L.) P.Beauv.;;;;Brachypodium_distachyon_flower.jpg;Brachypodium_distachyon_close.jpg;;;;
Brachypodium sylvaticum;Poaceae;(Huds.) P.Beauv.;;;;Brachypodium_sylvaticum_leaf.jpg;Brachypodium_sylvaticum_flower.jpg;;;;
Briza maxima;Poaceae;L.;;;;Briza_maxima_flower.jpg;Briza_maxima_close.jpg;;;;
Briza minor;Poaceae;L.;;;;Briza_minor_flower_1.jpg;Briza_minor_flower_2.jpg;;;;
Bromus madritensis;Poaceae;L.;;;;Bromus_madritensis_photo.jpg;Bromus_madritensis_ID.jpg;;;;
Bromus rigidus;Poaceae;Roth;;;;Bromus_rigidus_flower_1.jpg;Bromus_rigidus_flower_2.jpg;;;;
Bromus rubens;Poaceae;L.;;;;Bromus_rubens_flower.jpg;Bromus_rubens_close.jpg;;;;
Bromus sterilis;Poaceae;L.;;;;Bromus_sterilis_close.jpg;Bromus_sterilis_sketch.jpg;;;;
Bromus tectorum;Poaceae;L.;;;;Bromus_tectorum_whole.jpg;Bromus_tectorum_sketch.jpg;;;;
Cenchrus ciliaris;Poaceae;L.;;;;Cenchrus_ciliaris_node.jpg;Cenchrus_ciliaris_sheath.jpg;;;;
Cenchrus longisetus;Poaceae;M.C.Johnst.;;;;Cenchrus_longisetus_photo.jpg;;;;;
Cenchrus setaceus;Poaceae;(Forssk.) Morrone;;;;Cenchrus_setaceus_flower.jpg;Cenchrus_setaceus_close.jpg;;;;
Cynosurus echinatus;Poaceae;L.;;;;Cynosurus_echinatus_flower.jpg;Cynosurus_echinatus_whole.jpg;;;;
Dactylis smithii;Poaceae;Link;;;;Dactylis_smithii_close.jpg;Dactylis_smithii_whole.jpg;;;;
Digitaria sanguinalis;Poaceae;(L.) Scop.;;;;Digitaria_sanguinalis_photo.jpg;Digitaria_sanguinalis_ID.jpg;;;;
Festuca agustini;Poaceae;Linding.;;;;Festuca_agustini_flower.jpg;Festuca_agustini_whole.jpg;\textcolor{green}{SS};;;
Festuca bromoides;Poaceae;L.;;;;Festuca_bromoides_whole.jpg;Festuca_bromoides_sketch.jpg;;;;
Hordeum murinum;Poaceae;L.;;;;Hordeum_murinum_whole.jpg;Hordeum_murinum_sketch.jpg;;;;
Hyparrhenia hirta;Poaceae;(L.) Stapf;;;;Hyparrhenia_hirta_flower.jpg;Hyparrhenia_hirta_whole.jpg;;;;
Lolium canariense;Poaceae;Steud.;;;;Lolium_canariense_flower.jpg;Lolium_canariense_close.jpg;;;;
Lolium saxatile;Poaceae;H.Scholz \& S.Scholz;;;;Lolium_saxatile_whole.jpg;;;;;
Phalaris aquatica;Poaceae;Delile ex Boiss.;? Phalaris canariensis L.;;? Phalaris canariensis L.;Phalaris_aquatica_flower.jpg;;;;;
Phalaris canariensis;Poaceae;L.;;;;Phalaris_canariensis_flower.jpg;Phalaris_canariensis_sketch.jpg;;;;
Poa annua;Poaceae;L.;;;;Poa_annua_flower.jpg;Poa_annua_sheath.jpg;;;;
Polygonum aviculare;Polygonaceae;L.;;;;Polygonum_aviculare_close.jpg;Polygonum_aviculare_sketch.jpg;;;;
Rumex acetosella;Polygonaceae;L.;;;;Rumex_acetosella_close.jpg;Rumex_acetosella_sketch.jpg;;;;
"Rumex lunaria;Polygonaceae;L.;;;;;;\textcolor{red}{NN}, \textcolor{green}{SS};";;;;;;;;;;;
Rumex maderensis;Polygonaceae;Lowe;;;;Rumex_maderensis_close.jpg;Rumex_maderensis_whole.jpg;\textcolor{red}{NN};;;
Rumex obtusifolius;Polygonaceae;L.;;;;Rumex_obtusifolius_close.jpg;Rumex_obtusifolius_sketch.jpg;;;;
Davallia canariensis;Polypodiaceae;(L.) Sm.;;;;Davallia_canariensis_photo.jpg;Davallia_canariensis_ID.jpg;\textcolor{red}{NN}, \textcolor{green}{SS};;;
Dryopteris oligodonta;Polypodiaceae;(Desv.) Pic.Serm.;;;;Dryopteris_oligodonta_leaf_top.jpg;Dryopteris_oligodonta_leaf_under.jpg;\textcolor{red}{NN};;;
Polypodium macaronesicum;Polypodiaceae;A.E.Bobrov;;;;;;;;;
Lysimachia arvensis;Primulaceae;(L.) U.Manns \& Anderb.;;;;Lysimachia_arvensis_flower.jpg;Lysimachia_arvensis_whole.jpg;;;;
Lysimachia foemina;Primulaceae;(Mill.) U.Manns \& Anderb.;;;;Lysimachia_foemina_photo.jpg;Lysimachia_foemina_ID.jpg;;;;
Adiantum reniforme;Pteridaceae;L.;;;;Adiantum_reniforme_leaf.jpg;Adiantum_reniforme_whole.jpg;;;;
Anogramma leptophylla;Pteridaceae;(L.) Link;;;;Anogramma_leptophylla_leaf_top.jpg;Anogramma_leptophylla_leaf_under.jpg;;;;
Cosentinia vellea;Pteridaceae;(Aiton) Tod.;;;;Cosentinia_vellea_photo.jpg;Cosentinia_vellea_ID.jpg;\textcolor{green}{SS};;;
Hemionitis gluckuk;Pteridaceae;Christenh.;;;;Hemionitis_gluckuk_leaf_top.jpg;Hemionitis_gluckuk_leaf_under.jpg;\textcolor{green}{SS};;;
Hemionitis marantae;Pteridaceae;(L.) Christenh.;;;;Hemionitis_marantae_leaf.jpg;;;;;
Ranunculus cortusifolius;Ranunculaceae;Willd.;;;;Ranunculus_cortusifolius_photo.jpg;Ranunculus_cortusifolius_ID.jpg;\textcolor{green}{SS};;;
Reseda luteola;Resedaceae;L.;;;;Reseda_luteola_whole.jpg;Reseda_luteola_sketch.jpg;;;;
Rhamnus crenulata;Rhamnaceae;Aiton;;;;Rhamnus_crenulata_fruit.jpg;Rhamnus_crenulata_close.jpg;;;;
Rhamnus glandulosa;Rhamnaceae;Aiton;;;;Rhamnus_glandulosa_flower.jpg;Rhamnus_glandulosa_close.jpg;;;;
Bencomia exstipulata;Rosaceae;Svent.;;;;Bencomia_exstipulata_photo.jpg;Bencomia_exstipulata_ID.jpg;\textcolor{green}{SS};;;
Prunus amygdalus;Rosaceae;Batsch;;;;prunus_amygdalus_photo.jpg;Prunus_amygladus_ID.jpg;;;;
Prunus avium;Rosaceae;(L.) L.;;;;Prunus_avium_flower.jpg;Prunus_avium_sketch.jpg;;;;
Prunus lusitanica;Rosaceae;L.;;;;Prunus_lusitanica_leaf.jpg;Prunus_lusitanica_flower.jpg;;;;
Rosa canina;Rosaceae;L.;;;;Rosa_canina_photo.jpg;Rosa_canina_ID.jpg;\textcolor{green}{SS};;;
Rubus bollei;Rosaceae;Focke;;;;Rubus_bollei_photo.jpg;Rubus_bollei_ID.jpg;;;;
Rubus palmensis;Rosaceae;A.Hansen;;;;Rubus_palmensis_photo.jpg;Rubus_palmensis_ID.jpg;;;;
Sanguisorba minor;Rosaceae;Scop.;;;;Sanguisorba_minor_close.jpg;Sanguisorba_minor_sketch.jpg;;;;
Galium aparine;Rubiaceae;L.;;;;Galium_aparine_flower.jpg;Galium_aparine_sketch.jpg;;;;
Galium murale;Rubiaceae;(L.) All.;;;;Galium_murale_close.jpg;;;;;
Galium rubia;Rubiaceae;E.H.L.Krause;Rubia tinctorum L.;;;Galium_rubia_ID.jpg;Galium_rubia_photo.jpg;;;;
Galium scabrum;Rubiaceae;L.;;;;Galium_scabrum_photo.jpg;Galium_scabrum_ID.jpg;\textcolor{green}{SS};;;
Phyllis nobla;Rubiaceae;L.;;;;Phyllis_nobla_close.jpg;Phyllis_nobla_whole.jpg;\textcolor{green}{SS};;;
Rubia fruticosa;Rubiaceae;Aiton;;;;Rubia_fruticosa_close.jpg;Rubia_fruticosa_whole.jpg;\textcolor{green}{SS};;;
Rubia fruticosa ssp fruticosa;Rubiaceae;;;;;Rubia_fruticosa_fruticosa_photo.jpg;Rubia_fruticosa_fruticosa_ID.jpg;\textcolor{red}{NN}, \textcolor{green}{SS};;;
Rubia occidens;Rubiaceae;Capelo;;;;;;\textcolor{red}{NN};;;
Sherardia arvensis;Rubiaceae;L.;;;;Sherardia_arvensis_close.jpg;Sherardia_arvensis_sketch.jpg;;;;
Citrus x aurantium;Rutaceae;L.;;;;Citrus_x_aurantium_Pomelo_leaf.jpg;Citrus_x_aurantium_Pomelo_flower.jpg;;;;
Salix pedicellata;Salicaceae;Desf.;;;;Salix_pedicellata_photo.jpg;Salix_pedicellata_ID.jpg;\textcolor{red}{NN};;;
Scrophularia glabrata;Scrophulariaceae;Aiton;;;;Scrophularia_glabrata_flower.jpg;Scrophularia_glabrata_close.jpg;\textcolor{green}{SS};;;
Scrophularia parviflora;Scrophulariaceae;Wooton \& Standl.;;;cf species;Scrophularia_parviflora_photo.jpg;;;;;
Scrophularia trifoliata;Scrophulariaceae;Hoffmanns. \& Link;Scrophularia auriculata subsp. auriculata;;;;;;;;
Selaginella denticulata;Selaginellaceae;(L.) Spring;;;;Selaginella_denticulata_close.jpg;Selaginella_denticulata_whole.jpg;;;;
Nicotiana glauca;Solanaceae;Graham;;;;Nicotiana_glauca_close.jpg;Nicotiana_glauca_whole.jpg;;;;
Solanum lycopersicum;Solanaceae;L.;;;;Solanum_lycopersicum_close.jpg;Solanum_lycopersicum_sketch.jpg;;;;
Solanum nigrum;Solanaceae;L.;;;;Solanum_nigrum_close.jpg;Solanum_nigrum_sketch.jpg;;;;
Solanum tuberosum;Solanaceae;L.;;;;Solanum_tuberosum_whole.jpg;;;;;
Tamarix canariensis;Tamaricaceae;Willd.;;;;Tamarix_canariensis_photo.jpg;Tamarix_canariensis_ID.jpg;;;;
Forsskaolea angustifolia;Urticaceae;Retz.;;;;Forsskaolea_angustifolia_photo.jpg;Forsskaolea_angustifolia_ID.jpg;\textcolor{green}{SS};;;
Gesnouinia arborea;Urticaceae;(L.f.) Gaudich.;;;;Gesnouinia_arborea_photo.jpg;Gesnouinia arborea_ID.jpg;\textcolor{red}{NN};;;
Parietaria debilis;Urticaceae;G.Forst.;;;;Parietaria_debilis_close.jpg;Parietaria_debilis_whole.jpg;;;;
Parietaria filamentosa;Urticaceae;Webb \& Berthel.;;;;Parietaria_filamentosa_close.jpg;Parietaria_filamentosa_whole.jpg;;;;
Urtica morifolia;Urticaceae;Poir.;;;;Urtica_morifolia_flower.jpg;Urtica_morifolia_close.jpg;;;;
Viburnum rugosum;Viburnaceae;Pers.;;;;Viburnum_rugosum_photo.jpg;Viburnum_rugosum_ID.jpg;\textcolor{green}{SS};;;
Vitis vinifera;Vitaceae;L.;;;;Vitis_vinifera_flower.jpg;Vitis_vinifera_sketch.jpg;;;;
