Family;Species;Author;Synonyms;LocalName;FileNamePhoto;FileNameID;Comments;FigOneWidth;FigTwoWidth
Acanthaceae;Barleria cristata ;L.;;Philipine Violett;Barleria_cristata_1.jpg;Barleria_cristata_2.jpg;;;
Acanthaceae;Eranthemum pulchellum;Andrews;;Blue Sage;Eranthemum_pulchellum_1.jpg;Eranthemum_pulchellum_2.jpg;;;
Acanthaceae;Justicia gendarussa;Burn f.;;;Justicia_gendarussa_1.jpg;Justicia_gendarussa_2.jpg;;;
Acanthaceae;Strobilanthes capitata;(Nees) T. Anderson;;;Strobilanthes_capitata_1.jpg;Strobilanthes_capitata_2.png;;;
Acanthaceae;Strobilanthes pentastemonoides;(Nees) T. Anderson;;;Strobilanthes_pentastemonoides_1.jpg;Strobilanthes_pentastemonoides_2.jpg;;;
Adoxaceae;Sambucus adnata;Wall. ex DC;;Asian dwarf elder;Sambucus_adnata_1.jpg;Sambucus_adnata_2.jpg;leaflets 3-5 pairs, adnate ;;
Adoxaceae;Sambucus javanica subsp. chinensis;(Lindl.) Fukuoka;;Himalayan elder;Sambucus_javanica_chinensis_1.jpg;Sambucus_javanica_chinensis_2.jpg;;;
Adoxaceae;Viburnum cotinifolium;D. Don;;Smoketree Leaved Viburnum;Viburnum_cotonifolium_1.jpg;;;;
Adoxaceae;Viburnum cylindricum;Buch.-Ham. Ex D.Don;;Tube flower Viburnum;Viburnum_cylindricum_1.jpg;Viburnum_cylindricum_2.jpg;;;
Adoxaceae;Viburnum erubescens;Wall.;;Reddish Viburnum;Viburnum_erubescens_1.jpg;Viburnum_erubescens_2.jpg;;;
Adoxaceae;Viburnum grandiflorum;Buch.-Ham. ex D. Don;;Grand Viburnum;Viburnum_grandiflorum_1.jpg;Viburnum_grandiflorum_2.jpeg;;;
Adoxaceae;Viburnum mullaha;Wall. ex DC.;;;Viburnum_mullaha_1.jpg;Viburnum_mullaha_2.jpg;;;
Amaranthaceae;Cyathula capitata; Moq.;;Roundhead Pastureweed;Cyathula_capitata_1.jpg;;up to 1m, leaf stalks hairy;;
Amaranthaceae;Cyathula tomentosa;(Roth.) Moq.;;Cottony Chaff Flower;Cyathula_tomentosa_1.jpg;Cyathula_tomentosa_2.jpg;up to 3m, stem and branches hairy;;
Amaranthaceae;Krascheninnikovia ceratoides;(L.) Gueldenst.;;Pamirian winterfat;Krascheninnikovia_ceratoides_1.jpg;Krascheninnikovia_ceratoides_2.jpg;;;
Anacardiaceae;Brucea javanica;(L.) Merr.;;Chinese sumac;Brucea_javanica_1.jpg;Brucea_javanica_2.jpg;;;
Anacardiaceae;Dobinea vulgaris;Buch.-Ham ex D. Don;;;Dobinea_vulgaris_1.jpg;Dobinea_vulgaris_2.jpg;;;
Anacardiaceae;Toxicodendron succedaneum;L.;Rhus succedanea;Wild Varnish Tree;Toxicodendron_succedaneum.jpg;Toxicodendron_succedaneum_2.jpg;;;
Anacardiaceae;Toxicodendron wallichii;(Hook. f.) Kuntze;;;Toxicodendron_wallichii_1.jpg;Toxicodendron_wallichii_2.jpg;;;
Apocynaceae;Hoya lanceolata;Wallich ex D. Don;;;Hoya_lanceolata_1.jpg;Hoya_lanceolata_2.jpg;;;
Apocynaceae;Trachelospermum lucidum;(D.Don) K.Schum.;;;Trachelospermum_lucidum_1.jpeg;Trachelospermum_lucidum_2.jpeg;;;
Aquifoliaceae;Ilex dipyrena;Wallich.;;Himalayan Holly Tree;Ilex_dipyrena_1.jpg;Ilex_dipyrena_2.jpg;;;
Aquifoliaceae;Ilex excelsa;(Wall.) Voigt;;;Ilex_excelsa.jpg;Ilex_excelsa_1.jpg;;;
Aquifoliaceae;Ilex fragilis;Hook.f.;;;Ilex_fragilis_1.jpg;Ilex_fragilis_2.jpg;;;
Araliaceae;Aralia leschenaultii;(DC.) J.Wen;;;Aralia_leschenaultii_1.jpg;;;;
Araliaceae;Brassaiopsis glomerulata;(Blume) Regel;;;Brassaiopsis_glomerulata_1.jpg;Brassaiopsis_glomerulata_2.jpg;;;
Araliaceae;Brassaiopsis hainla;(Buch.-Ham.)Seem.;;;Brassaiopsis_hainla_1.jpg;Brassaiopsis_hainla_2.jpg;;;
Araliaceae;Eleutherococcus cissifolius;(Griff. ex C.B.Clarke) Nakai;;;Eleutherococcus_cissifolius_1.jpeg;Eleutherococcus_cissifolius_2.jpeg;;;
Araliaceae;Hedera nepalensis;K. Koch;;Himalayan Ivy;Hedera_nepalensis_1.jpg;Hedera_nepalensis_2.jpg;;;
Araliaceae;Heptapleurum rhododendrifolium;(Griff.) G.M.Plunkett \& Lowry;Schefflera rhododendrifolia;;Heptapleurum_rhododendrifolium_1.jpg; Heptapleurum_rhododendrifolium_2.jpg;;;
Araliaceae;Trevesia palmata;(Roxb. ex Lindl.) Vis.;;Snowflake Tree;Trevesia_palmata_1.jpg;Trevesia_palmata_2.jpg;;;
Arecaceae;Trachycarpus martianus;(Wall. ex Mart.) H.Wendl.;;;Trachycarpus_martianus.jpg;;;;
Asparagaceae;Asparagus racemosus;Willd.;;Asparagus;Asparagus_racemosus_01.jpg;Asparagus_racemosus_02.jpg;;;
Asteraceae;Aster albescens;(DC) Hand.-Mazz;;Fading Himalayan Aster;Aster_albescens_1.jpg;Aster_albescens_2.jpg;;;
Asteraceae;Duhaldea cappa;(Buch.-Ham. ex D.Don) Pruski \& Anderb.;;Sheep’s Ear;Duhaldea_cappa_1.jpg;Duhaldea_cappa_2.jpg;;;
Berberidaceae;Berberis angulosa;Wallich ex Hook. f. \& Thoms;;Large-Flowerded barberry;Berberis_angulosa_1.jpg;Berberis_angulosa_2.jpeg;;;
Berberidaceae;Berberis aristata;DC.;;Nepal barberry;Berberis_aristata_1.jpg;Berberis_aristata_2.jpeg;;;
Berberidaceae;Berberis asiatica;Roxb. ex DC.;;Indian barberry;Berberis_asiatica_1.jpg;Berberis_asiatica_2.jpg;;;
Berberidaceae;Berberis concinna;Hook.f.;;;Berberis_concinna_1.jpg;Berberis_concinna_2.jpg;;;
Berberidaceae;Berberis cooperi;Ahrendt;Berberis hobsonii;;Berberis_cooperi_1.jpg;Berberis_cooperi_2.jpg;;;
Berberidaceae;Berberis erythroclada;Ahrendt;;Ridged Stem Barberry;Berberis_erythroclada_1.jpg;Berberis_erythroclada_2.jpg;;;
Berberidaceae;Berberis jaeschkeana;jaeschkeana C .K. Schneid.;;Jaeschke's barberry;Berberis_jaeschkeana_1.jpg;Berberis_jaeschkeana_2.jpg;;;
Berberidaceae;Berberis koehneana;C.K.Schneid.;;Koehne Barberry;Berberis_koehneana_1.jpg;Berberis_koehneana_2.jpg;;;
Berberidaceae;Berberis lycium;Royle;;Indian Lycium;Berberis_lycium_1.jpg;Berberis_lycium_2.jpg;;;
Berberidaceae;Berberis mucrifolia;Ahrendt;;;Berberis_mucrifolia_1.jpg;Berberis_mucrifolia_2.jpg;;;
Berberidaceae;Berberis napaulensis;(DC.) Spreng.;;Nepal Mahonia;Berberis_napaulensis_1.jpg;Berberis_napaulensis_2.jpg;;;
Berberidaceae;Berberis pendryi;Bh. Adhikari;;;Berberis_pendryi_1.jpg;Berberis_pendryi_2.jpg;;;
Berberidaceae;Berberis ulicina;Hook.f. \& Thomson;;Gorse Barberry ;Berberis_ulicina_1.jpg;Berberis_ulicina_2.jpg;;;
Berberidaceae;Berberis wallichiana;DC.;;;Berberis_wallichiana_1.jpg;Berberis_wallichiana_1.jpg;;;
Berberidaceae;Podophyllum hexandrum;Royle;;Himalayan May-apple;Podophyllum_hexandrum_1.jpg;Podophyllum_hexandrum_2.jpg;;;
Betulaceae;Alnus nepalensis;D. Don;;Nepalese Alder;Alnus_nepalensis_1.jpg;Alnus_nepalensis_2.jpg;;;
Betulaceae;Alnus nitida;(Spach) Endl;;West Himalayan Alder;Alnus_nitida_1.jpg;Alnus_nitida_2.jpeg;;;
Betulaceae;Betula alnoides;Buch.-Ham. ex D.Don;;Indian Birch;Betula_alnoides_1.jpg;Betula_alnoides_2.jpeg;;;
Betulaceae;Betula utilis;D. Don;;Himalayan Silver Birch;Betula_utilis_1.jpeg;Betula_utilis_.2jpeg;;;
Bignoniaceae;Incarvillea arguta;Royle;Incarvillea diffusa;Himalayan Gloxinia;Incarvillea_arguta_1.jpg;Incarvillea_arguta_2.jpg;;;
Bignoniaceae;Incarvillea mairei;;;;Incarvillea_mairei_1.jpg;Incarvillea_mairei_2.jpg;;;
Bignoniaceae;Incarvillea younghusbandii;Sprague;;;Incarvillea_younghusbandii_1.jpg;Incarvillea_younghusbandii_2.jpg;;;
Buxaceae;Sarcococca coriacea;(Hook.) Sweet;;Willow-Leaf Sweet-Box;Sarcococca_coriacea_1.jpg;Sarcococca_coriacea_2.jpg;;;
Buxaceae;Sarcococca saligna;(D.Don) Müll.Arg.;;willow-leaf sweet-box;Sarcococca_saligna_1.jpg;Sarcococca_saligna_2.jpg;;;
Cannabaceae;Celtis australis;L.;;Eastern Nettle Tree;Celtis_australis_1.jpg;Celtis_australis_2.jpg;;;
Capparaceae;Capparis spinosa;L.;;Caperberry;Capparis_spinosa_1.jpg;Capparis_spinosa_2.jpg;;;
Caprifoliaceae;Lonicera acuminata;Wall.;;Vine Honeysuckle;Lonicera_acuminata_1.jpg;Lonicera_acuminata_2.jpg;;;
Caprifoliaceae;Lonicera angustifolia ;Wall. ex DC.;;Narrow-Leaved Honeysuckle;Lonicera_angustifolia_1.jpg;Lonicera_angustifolia_2.jpg;;;
Caprifoliaceae;Lonicera glabrata;Wall.;;;Lonicera_glabrata_1.jpg;Lonicera_glabrata_2.jpg;;;
Caprifoliaceae;Lonicera hispida;Pall. ex Roem. \& Schult.;;Common honeysuckle;Lonicera_hispida_1.jpg;Lonicera_hispida_2.jpg;;;
Caprifoliaceae;Lonicera hypoleuca;Decne.;;Yellow Himalayan honeysuckle;Lonicera_hypoleuca_1.jpg;Lonicera_hypoleuca_2.jpg;;;
Caprifoliaceae;Lonicera obovata ;Royle ex Hook.f. \& Thomson;;;Lonicera_obovata_1.jpg;Lonicera_obovata_2.jpg;;;
Caprifoliaceae;Lonicera purpurascens;(Jacquem. ex Decne.) Walp.;;;Lonicera_purpurascens_1.jpg;Lonicera_purpurascens_2.jpg;;;
Caprifoliaceae;Lonicera quinquelocularis;Hardw.;;;Lonicera_quinquelocularis_1.jpg;Lonicera_quinquelocularis_2.jpg;;;
Caprifoliaceae;Lonicera rupicola;Hook. f. \& Thomson;;;Lonicera_rupicola_1.jpeg;Lonicera_rupicola_2.jpeg;;;
Caprifoliaceae;Lonicera spinosa;(Decne.) Jacq. ex Walp.;;Spiny honeysuckle;Lonicera_spinosa_1.jpeg;Lonicera_spinosa_2.jpeg;;;
Caprifoliaceae;Zabelia triflora;(R.Br. ex Wall.) Makino ex Hisauti \& H.Hara;Abelia triflora;;Zabelia_triflora_1.jpg;Zabelia_triflora_2.jpg;;;
Celastraceae;Euonymus echinatus;Wall.;;Climbing Spindle Bush;Euonymus_echinatus_1.jpg;Euonymus_echinatus_2.jpg;;;
Celastraceae;Euonymus fimbriatus;Wall.;;;Euonymus_fimbriatus_1.jpg;Euonymus_fimbriatus_2.jg;;;
Celastraceae;Euonymus hamiltonianus ;Wall.;;Hamilton’s spindle;Euonymus_hamiltonianus_1.jpg;Euonymus_hamiltonianus_2.jpg;;;
Celastraceae;Euonymus tingens;Wall.;;;Euonymus_tingens_1.jpeg;Euonymus_tingens_2.jpeg;;;
Celastraceae;Gymnosporia rufa;(Wall.) Hook.f.;;Rusty Spike Thorn;Gymnosporia_rufa_1.jpg;Gymnosporia_rufa_2.jpg;;;
Coriariaceae;Coriaria nepalensis;Wallich;Coriaria napalensis;Masuri Berry;Coriaria_nepalensis_1.jpg;Coriaria_nepalensis_2.jpg;;;
Cornaceae;Cornus capitata;Wall.;;Himalayan Strawberry Tree;Cornus_capitata_1.jpg;Cornus_capitata_2.jpg;;;
Cornaceae;Cornus macrophylla;Wall.;;Large Leaf Dogwood;Cornus_macrophylla_1.jpg;Cornus_macrophylla_2.jpg;;;
Cornaceae;Cornus oblonga;Wall.;;Oblong-Petal Dogwood;Cornus_oblonga_1.jpg;Cornus_oblonga_2.jpg;;;
Cupressaceae;Cupressus torulosa;D. Don;;Himalayan Cypress;Cupressus_torulosa_01.jpg;Cupressus_torulosa_02.jpg;;;
Cupressaceae;Juniperus communis;L.;;Common juniper;Juniperus_communis_01.jpg;Juniperus_communis_02.jpg;;;
Cupressaceae;Juniperus indica;Bertol.;;;Juniperus_indica_1.jpg;Juniperus_indica_2.jpg;;;
Cupressaceae;Juniperus recurva;Buch.-Ham. ex D.Don;;Coffin Juniper;Juniperus_recurva_1.jpg;Juniperus_recurva_2.jpg;recurving branches;;
Cupressaceae;Juniperus squamata;Buch.-Ham. ex D.Don;;Himalayan Juniper;Juniperus_squamata_1.jpg;Juniperus_squamata_2.jpg;;;
Cyatheaceae;Alsophila spinulosa;(Wall. ex Hook.) R.M.Tryon;Cyathea spinulosa;;Alsophila_spinulosa_1.jpg;Alsophila_spinulosa_2.jpg;;;
Cyatheaceae;Gymnosphaera gigantea;(Wall. ex Hook.) S.Y.Dong;Cyathea gigantea;;Gymnosphaera_gigantea_1.jpg;Gymnosphaera_gigantea_2.jpg;;;
Daphniphyllaceae;Daphniphyllum himalense;(Benth.) Müll.Arg.;;Chebal;Daphniphyllum_himalense_1.jpg;Daphniphyllum_himalense_2.jpg;;;
Ebnaceae;Diospyros virginiana;L.;;American Persimmon;Diospyros_virginiana_1.jpg;Diospyros_virginiana_2.jpg;perhaps only planted;;
Eleagnaceae;Elaeagnus caudata;Schltdl. ex Momiy.;;Bastard Oleaster;Elaeagnus_caudata_1.jpg;;;;
Eleagnaceae;Elaeagnus infundibularis;Momiy.;;Funnel-Flower Silverberry ;Elaeagnus_infundibularis_1.jpg;Elaeagnus_infundibularis_2.jpg;;;
Eleagnaceae;Elaeagnus tricholepis;Momiy.;;;Elaeagnus_tricholepis_1.jpg;;found only one picture on inat, no description;;
Eleagnaceae;Elaeagnus umbellata var. umbellata;Wall. ex Royle;Elaeagnus parvifolia;Autumn Olive;Elaeagnus_umbellata_umbellata_1.jpeg;Elaeagnus_umbellata_umbellata_2.jpeg;;;
Eleagnaceae;Hippophae rhamnoides subsp. turkestanica;Rousi;;Hippophae_rhamnoides_turkestanica_1.jpeg;Hippophae_rhamnoides_turkestanica_1.jpg;Hippophae_rhamnoides_turkestanica_2.jpg;;;
Eleagnaceae;Hippophae salicifolia;D. Don;;;Hippophae_salicifolia_1.jpg;Hippophae_salicifolia_2.jpg;;;
Eleagnaceae;Hippophae tibetana;Schltdl.;;;Hippophae_tibetana_1.jpg;Hippophae_tibetana_2.jpg;;;
Ephedraceae;Ephedra gerardiana;Wall. ex Stapf;;Ephedra;Ephedra_gerardiana_1.jpg;Ephedra_gerardiana_2.jpg;to 15 cm high;;
Ephedraceae;Ephedra intermedia;Schrenk \& C.A.Mey.;;;Ephedra_intermedia_1.jpg;Ephedra_intermedia_2.jpg;to 1 m high;;
Ericaceae;Cassiope fastigiata;(Wall.) D. Don;;Himalayan Heather;Cassiope_fastigiata_1.jpg;Cassiope_fastigiata_1.jpeg;;;
Ericaceae;Gaultheria fragrantissima;Wall.;;Fragrant Wintergreen;Gaultheria_fragrantissima.jpg;Gaultheria_fragrantissima_2.jpg;;;
Ericaceae;Gaultheria nummularioides;D. Don;;;Gaultheria_nummularioides_1.jpeg;Gaultheria_nummularioides_2.jpeg;;;
Ericaceae;Gaultheria trichophylla;Royle;;Himalayan Snowberry;Gaultheria_trichophylla_1.jpg;Gaultheria_trichophylla_2.jpg;;;
Ericaceae;Lyonia ovalifolia;(Wall.) Drude;;Oval Leaved Lyonia;Lyonia_ovalifolia_1.jpg;Lyonia_ovalifolia_2.jpg;;;
Ericaceae;Lyonia villosa;(Hook.f. ex C.B.Clarke) Hand.-Mazz.;;Hairy Staggerbush;Lyonia_villosa_1.jpg;Lyonia_villosa_2.jpg;;;
Ericaceae;Pieris formosa;(Wall.) D. Don;;Himalayan Pieris;Pieris_formosa_1.jpg;Pieris_formosa_2.jpg;;;
Ericaceae;Rhododendron anthopogon subsp. hypenanthum;(Balf.f.) Cullen;Rhododendron hypenanthum;Dwarf Rhododendron;Rhododendron_anthopogon_1.jpg;;also Rhododendron anthopogon subsp. Anthopogon D. Don;;
Ericaceae;Rhododendron arboreum var. album;Wall.;;Tree Rhododendron;Rhododendron_arboreum_roseum_1.jpg;Rhododendron_arboreum_roseum_2.jpg;;;
Ericaceae;Rhododendron arboreum var. arboreum;Wall.;;Tree Rhododendron;Rhododendron_arboreum_1.jpg;;;;
Ericaceae;Rhododendron barbatum;Wall. ex G.Don;;;Rhododendron_barbatum_1.jpg;Rhododendron_barbatum_2.jpg;;;
Ericaceae;Rhododendron campanulatum;D.Don;;;Rhododendron_campanulatum_1.jpg;Rhododendron_campanulatum_1.jpg;;;
Ericaceae;Rhododendron cowanianum;Davidian;;;Rhododendron_cowanianum_1.jpg;Rhododendron_cowanianum_2.jpg;;;
Ericaceae;Rhododendron lepidotum;Wall. ex G.Don;;Pink Scaly ;Rhododendron_lepidotum_1.jpg;Rhododendron_lepidotum_2.jpg;;;
Ericaceae;Rhododendron lowndesii;Davidian;;;Rhododendron_lowndesii_1.jpg;Rhododendron_lowndesii_2.jpg;;;
Ericaceae;Rhododendron nivale;Hook. f.;;Dwarf Snow Rhododendron;Rhododendron_nivale_1.jpg;Rhododendron_nivale_2.jpg;;;
Ericaceae;Rhododendron setosum;D. Don;;Bristly Rhododendron;Rhododendron_setosum_1.jpeg;Rhododendron_setosum_2.jpeg;;;
Ericaceae;Vaccinium nummularia;Hook.f. \& Thomson ex C.B.Clarke;;;Vaccinium_nummularia_1.jpg;Vaccinium_nummularia_2.jpg;;;
Euphorbiaceae;Excoecaria acerifolia;Didr.;;;Excoecaria_acerifolia_1.jpg;Excoecaria_acerifolia_2.jpg;;;
Euphorbiaceae;Ricinus communis;L.;;Castor/ Ricin Plant;Ricinus_communis_1.jpg;Ricinus_communis_2.jpg;;;
Fabaceae;Albizia julibrissin var. mollis;(Wall.) Benth.;;Pink Silk Tree;Albizia_julibrissin_mollis_1.jpg;Albizia_julibrissin_mollis_2.jpg;;;
Fabaceae;Apios carnea;(Wall.) Benth. ex Baker;;;Apios_carnea_1.jpg;Apios_carnea_2.jpg;;;
Fabaceae;Astragalus barclayanus;Podlech;;;Astragalus_barclayanus_1.jpg;;Only this description online, no pictures found;;
Fabaceae;Astragalus himalayanus;Klotzsch;;Himalayan Milk Vetch;Astragalus_himalayanus_1.jpg;Astragalus_himalayanus_2.jpg;;;
Fabaceae;Astragalus nepalensis;Podlech;;;Astragalus_nepalensis_1.jpg;Astragalus_nepalensis_1.jpg;;;
Fabaceae;Astragalus notabilis;Podlech;;;Astragalus_notabilis_1.jpg;Astragalus_notabilis_2.jpg;no description found;;
Fabaceae;Astragalus rhizanthus;Benth.;;;Astragalus_rhizanthus_candolleanus_1.jpg;Astragalus_rhizanthus_candolleanus_2.jpg;;;
Fabaceae;Astragalus strictus;Benth.;;;Astragalus_strictus_1.jpg;Astragalus_strictus_2.jpg;;;
Fabaceae;Biancaea decapetala;(Roth) O.Deg.;Caesalpinia decapetala;Cat's Claw;Biancaea_decapetala_1.jpg;Biancaea_decapetala_2.jpg;;;
Fabaceae;Butea buteiformis;Shrub Butea;;;Butea_buteiformis_1.jpg;Butea_buteiformis_2.jpg;;;
Fabaceae;Caragana brevifolia;Kom.;;;Caragana_brevifolia_1.jpg;Caragana_brevifolia_2.jpg;;;
Fabaceae;Caragana brevispina;Benth.;;;Caragana_brevispina_1.jpg;Caragana_brevispina_1.jpg;;;
Fabaceae;Caragana campanulata;Vassilcz.;;;Caragana_campanulata_1.jpg;;Only holotype found;;
Fabaceae;Caragana gerardiana;Benth.;;;Caragana_gerardiana_1.jpg;Caragana_gerardiana_2.jpg;;;
Fabaceae;Caragana jubata;(Pall.) Poir.;;;Caragana_jubata_1.jpg;Caragana_jubata_2.jpg;;;
Fabaceae;Caragana sukiensis;C. K. Schneid.;;;Caragana_sukiensis_1.jpg;Caragana_sukiensis_2.jpg;;;
Fabaceae;Caragana versicolor;Benth.;;;Caragana_versicolor_1.jpg;Caragana_versicolor_2.jpg;;;
Fabaceae;Chesneya cuneata;(Benth.) Ali;;Wedge-Leaf Chesneya;Chesneya_cuneata_1.jpg;Chesneya_cuneata_2.jpg;plants not cushionlike;;
Fabaceae;Chesneya nubigena;(D.Don) Ali;;;Chesneya_nubigena_1.jpg;Chesneya_nubigena_2.jpg;plants cushionlike;;
Fabaceae;Colutea multiflora;Shap. ex Ali;;;Colutea_multiflora_1.jpg;Colutea_multiflora_2.jpg;;;
Fabaceae;Erythrina arborescens;Roxb.;;Himalayan Coral Tree;Erythrina_arborescens_1.jpg;Erythrina_arborescens_2.jpg;;;
Fabaceae;Flemingia strobilifera;(L.) W.T.Aiton;;Luck Plant;Flemingia_strobilifera_1.jpg;Flemingia_strobilifera_2.jpg;;;
Fabaceae;Haymondia wallichii;(DC.) A.N.Egan \& B.Pan;;;Haymondia_wallichii_1.jpg;Haymondia_wallichii_2.jpg;;;
Fabaceae;Hylodesmum williamsii;(H.Ohashi) H.Ohashi \& R.R.Mill;;;Hylodesmum_williamsii_1.jpg;Hylodesmum_williamsii_2.jpg;;;
Fabaceae;Indigofera atropurpurea;Buch.-Ham. ex Hornem.;;Deep-Purple Indigo;Indigofera_atropurpurea_1.jpg;Indigofera_atropurpurea_2.jpg;;;
Fabaceae;Indigofera dosua;Buch.-Ham. ex D.Don;;;Indigofera_dosua_1.jpg;Indigofera_dosua_2.jpg;;;
Fabaceae;Indigofera heterantha;Wall. ex Brandis;;;Indigofera_heterantha_1.jpg;Indigofera_heterantha_2.jpg;;;
Fabaceae;Ototropis multiflora;(DC.) H.Ohashi \& K.Ohashi;;;Ototropis_multiflora_1.jpg;Ototropis_multiflora_2.jpg;;;
Fabaceae;Piptanthus nepalensis;(Hook.)D.Don;;Evergreen Laburnum;Piptanthus_nepalensis_1.jpg;Piptanthus_nepalensis_2.jpg;;;
Fabaceae;Pueraria tuberosa;(Roxb. ex Willd.) DC.;;Indian kudzu;Pueraria_tuberosa_1.jpg;Pueraria_tuberosa_2.jpg;;;
Fabaceae;Sunhangia elegans;(DC.) H.Ohashi \& K.Ohashi;Desmodium elegans;Elegant Desmodium;Sunhangia_elegans_1.jpg;Sunhangia_elegans_2.jpg;;;
Fabaceae;Toxicopueraria peduncularis;(Benth.) A.N.Egan \& B.Pan;;;Toxicopueraria_peduncularis_1.jpg;Toxicopueraria_peduncularis_2.jpg;;;
Fagageae;Castanopsis indica;(Roxb. ex Lindl.) A.DC.;;Indian chestnut;Castanopsis_indica_1.jpg;Castanopsis_indica_2.jpg;;;
Fagageae;Castanopsis tribuloides;(Sm.) A.DC.;;;Castanopsis_tribuloides_1.jpg;Castanopsis_tribuloides_2.jpg;;;
Fagageae;Lithocarpus elegans;(Blume) Hatus. ex Soepadmo;;;Lithocarpus_elegans_1.jpg;Lithocarpus_elegans_2.jpg;;;
Fagageae;Quercus floribunda;Lindl. ex A. Camus;;Holly oak;Quercus_floribunda_1.jpg;Quercus_floribunda_2.jpg;;;
Fagageae;Quercus glauca;Thunb.;;Glaucous oak;Quercus_glauca_1.jpg;Quercus_glauca_2.jpg;;;
Fagageae;Quercus lamellosa;Sm.;;;Quercus_lamellosa_1.jpg;Quercus_lamellosa_2.jpg;;;
Fagageae;Quercus lanata ssp. Lanata;Sm.;Quercus oblongata;;Quercus_lanata_1.jpeg;Quercus_lanata_2.jpeg;;;
Fagageae;Quercus semecarpifolia;Sm.;;Kharsu Oak;Quercus_semecarpifolia_1.jpg;Quercus_semecarpifolia_2.jpg;;;
Gesneriaceae;Aeschynanthus hookeri;C.B.Clarke;;Hooker's Blushwort;Aeschynanthus_hookeri_1.jpg;Aeschynanthus_hookeri_2.jpg;;;
Gesneriaceae;Aeschynanthus parviflorus;(D.Don) Spreng.;;;Aeschynanthus_parviflorus_1.jpeg;Aeschynanthus_parviflorus_2.jpeg;highly variable calyx across the range;;
Grossulariaceae;Ribes alpestre;Wall. ex Decne.;;;Ribes_alpestre_1.jpg;;;;
Grossulariaceae;Ribes glaciale;Wall.;;;Ribes_glaciale_1.jpg;Ribes_glaciale_1.jpg;;;
Grossulariaceae;Ribes griffithii;Hook.f. \& Thomson;;;Ribes_griffithii_1.jpg;;;;
Grossulariaceae;Ribes himalense;Royle ex Decne.;;Himalayan Currant;Ribes_himalense_1.jpg;;;;
Grossulariaceae;Ribes orientale;Desf.;;;Ribes_orientale_1.jpg;Ribes_orientale_2.jpg;;;
Grossulariaceae;Ribes takare;D. Don;;;Ribes_takare_1.jpg;;;;
Hydrangeaceae;Hydrangea anomala;D. Don;;;Hydrangea_anomala_1.jpg;Hydrangea_anomala_2.jpg;;;
Hydrangeaceae;Hydrangea aspera;Buch.-Ham. ex D.Don;;;Hydrangea_aspera_1.jpg;Hydrangea_aspera_2.jpg;;;
Hydrangeaceae;Hydrangea febrifuga;(Lour.) Y.De Smet \& Granados;;;Hydrangea_febrifuga_1.jpg;Hydrangea_febrifuga_2.jpg;;;
Hydrangeaceae;Hydrangea heteromalla;D. Don;;Himalayan Hydrangea;Hydrangea_heteromalla_1.jpg;Hydrangea_heteromalla_2.jpg;;;
Hydrangeaceae;Philadelphus tomentosus;Wall. ex G.Don;;Mock Orange;Philadelphus_tomentosus_1.jpg;Philadelphus_tomentosus_2.jpg;;;
Hypericaceae;Hypericum elodeoides;Choisy;;Himalayan St. Johns Wort;Hypericum_elodeoides_1.jpg;Hypericum_elodeoides_2.jpg;;;
Hypericaceae;Hypericum podocarpoides;N.Robson;;;Hypericum_podocarpoides_1.jpg;Hypericum_podocarpoides_2.jpg;;;
Hypericaceae;Hypericum uralum;Buch.-Ham. ex D.Don;;Narrow-leaved St Johns Wort;Hypericum_uralum_1.jpg;Hypericum_uralum_2.jpg;;;
Juglandaceae;Juglans regia;L.;;Himalayan Walnut;Juglans_regia_1.jpg;;;;
Lamiaceae;Callicarpa arborea;Roxb.;;Beauty berry;Callicarpa_arborea_1.jpg;Callicarpa_arborea_2.jpg;;;
Lamiaceae;Colquhounia coccinea;Wall.;;Himalayan Mint Shrub;Colquhounia_coccinea_1.jpg;Colquhounia_coccinea_2.jpg;;;
Lamiaceae;Elsholtzia flava;(Benth.) Benth;;;Elsholtzia_flava_2.jpg;Elsholtzia_flava_1.jpg;;;
Lamiaceae;Elsholtzia fruticosa;(D. Don) Rehder;;Shrubby Mint;Elsholtzia_fruticosa_1.jpg;Elsholtzia_fruticosa_2.jpg;;;
Lamiaceae;Leucosceptrum canum;Sm.;;;Leucosceptrum_canum_1.jpg;Leucosceptrum_canum_2.jpg;;;
Lamiaceae;Pseudocaryopteris bicolor;(Roxb. ex Hardw.) P.D.Cantino;;;Pseudocaryopteris_bicolor_1.jpg;Pseudocaryopteris_bicolor_2.jpg;;;
Lardizabalaceae;Stauntonia latifolia;(Wall.) R.Br. ex Wall.;;Sausage Vine/Holboellia;Stauntonia_latifolia_1.jpg;Stauntonia_latifolia_2.jpg;;;
Lauraceae;Cinnamomum verum;J.Presl;;Cinnamon;Cinnamomum_verum_1.jpg;Cinnamomum_verum_2.jpg;;;
Lauraceae;Dodecadenia grandiflora;Nees;;;Dodecadenia_grandiflora_1,jpg;Dodecadenia_grandiflora_2,jpg;;;
Lauraceae;Lindera neesiana;(Wall. ex Nees) Kurz;;;Lindera_neesiana_1.jpg;Lindera_neesiana_2.jpg;;;
Lauraceae;Lindera pulcherrima;(Nees) Benth. ex Hook.f.;;;Lindera_pulcherrima_1.jpg;Lindera_pulcherrima_2.jpg;;;
Lauraceae;Litsea cubeba;(Lour.) Pers.;;;Litsea_cubeba_1.jpg;Litsea_cubeba_2.jpg;;;
Lauraceae;Litsea doshia;(D.Don) Kosterm.;;;Litsea_doshia_1.jpg;Litsea_doshia_2.JPG;;;
Lauraceae;Litsea monopetala;(Roxb.) Pers.;;Meda;Litsea_monopetala_1.jpg;Litsea_monopetala_2.jpg;;;
Lauraceae;Machilus duthiei;King ex Hook.f.;Persea duthiei;;Machilus_duthiei_1.jpg;Machilus_duthiei_2.jpg;;;
Lauraceae;Machilus odoratissimus;Nees;Persea odoratissima;Fragrant Bay Tree;Machilus_odoratissima_1.jpg;Machilus_odoratissima_2.jpg;;;
Lauraceae;Neolitsea umbrosa;(Nees) Gamble;;Pale Litsea;Neolitsea_umbrosa_1.jpg;Neolitsea_umbrosa_2.jpg;;;
Linaceae;Reinwardtia indica;Dumort.;;Golden Girl;Reinwardtia_indica_1.jpg;Reinwardtia_indica_2.jpg;;;
Loranthaceae;Helixanthera odorata;(Wall.) Rajasek.;;;Helixanthera_odorata_1.jpg;Helixanthera_odorata_2.jpg;;;
Loranthaceae;Helixanthera parasitica;Lour.;;;Helixanthera_parasitica_1.jpg;Helixanthera_parasitica_2.jpg;;;
Loranthaceae;Scurrula elata;(Edgew.) Danser;;Tall Mistletoe;Scurrula_elata_1.jpg;Scurrula_elata_2.jpg;;;
Magnoliaceae;Magnolia campbellii;Hook.f. \& Thomson;;Campbell’s Magnolia;Magnolia_campbellii_1.jpg;Magnolia_campbellii_2.jpg;;;
Magnoliaceae;Magnolia doltsopa;(Buch.-Ham. ex DC.) Figlar;;Temple Magnolia;Magnolia_doltsopa_1.jpeg;Magnolia_doltsopa_2.jpeg;;;
Magnoliaceae;Magnolia kisopa;(Buch.-Ham. ex DC.) Figlar;;Kisopa Magnolia;Magnolia_kisopa_1.jpg;Magnolia_kisopa_2.jpg;;;
Melastomataceae;Melastoma malabathricum;L.;;;Melastoma_malabathricum_1.jpg;Melastoma_malabathricum_2.jpg;;;
Melastomataceae;Osbeckia nepalensis;Hook.;;Nepal Osbeckia;Osbeckia_nepalensis_1.jpg;Osbeckia_nepalensis_2.jpg;;;
Melastomataceae;Osbeckia stellata;Buch.-Ham. ex D.Don;;Starry Osbeckia;Osbeckia_stellata_1.jpg;Osbeckia_nepalensis_2.jpg;;;
Melastomataceae;Oxyspora paniculata;DC.;;Bristletips;Oxyspora_paniculata_1.jpg;Oxyspora_paniculata_2.jpg;;;
Meliaceae;Melia azedarach;L.;;Chinaberry;Melia_azedarach_1.jpg;Melia_azedarach_2.jpg;;;
Meliaceae;Toona sinensis;(Juss.) M.Roem.;;Chinese Toon;Toona_sinensis_1.jpg;Toona_sinensis_2.jpg;;;
Menispermaceae;Cissampelos pareira;L.;;False Pareira Root;Cissampelos_pareira_1.jpg;Cissampelos_pareira_2.jpg;;;
Menispermaceae;Stephania gracilenta;Miers;;Slender tape vine;Stephania_gracilenta_1.jpg;Stephania_gracilenta_2.jpg;;;
Moraceae;Ficus benjamina;L.;;Weeping fig;Ficus_benjamina_1.jpeg;Ficus_benjamina_2.jpeg;;;
Moraceae;Ficus neriifolia;Sm.;;Willow leaf Ficus;Ficus_neriifolia_1.jpg;Ficus_neriifolia_2.jpg;;;
Moraceae;Ficus sarmentosa;Buch.-Ham. ex Sm.;;;Ficus_sarmentosa_1.jpg;Ficus_sarmentosa_2.jpg;;;
Moraceae;Ficus semicordata;Buch.-Ham. ex Sm.;;Drooping fig;Ficus_semicordata_1.jpg;Ficus_semicordata_2.jpeg;;;
Moraceae;Morus alba;L.;;Mulberry;Morus_alba_1.jpg;Morus_alba_2.jpg;;;
Moraceae;Morus serrata;Roxb.;;Himalayan Mulberry;Morus_serrata_1.jpg;Morus_serrata_2.jpg;;;
Myricaceae;Myrica esculenta;Buch.-Ham. ex D.Don;;Box Myrtle;Myrica_esculenta_1.jpg;Myrica_esculenta_2.jpg;;;
Myrtaceae;Syzygium cumini;(L.) Skeels;;Indian Blackberry;Syzygium_cumini_1.jpg;Syzygium_cumini_2.jpg;;;
Oleaceae;Chrysojasminum humile;(L.) Banfi.;;;Chrysojasminum_humile_1.jpg;Chrysojasminum_humile_2.jpg;;;
Oleaceae;Fraxinus floribunda;Wall.;;;Fraxinus_floribunda_1.jpg;Fraxinus_floribunda_2.jpg;;;
Oleaceae;Jasminum officinale;L.;;;Jasminum_officinale_1.jpg;Jasminum_officinale_2.jpg;;;
Oleaceae;Ligustrum sinense;Lour.;;Chinese Privet;Ligustrum_sinense_1.jpg;Ligustrum_sinense_2.jpg;;;
Oleaceae;Osmanthus suavis;King ex C.B. Clarke;;;Osmanthus_suavis_1.jpeg;Osmanthus_suavis_2.jpeg;;;
Pentaphylacaceae;Eurya acuminata;DC.;;;Eurya_acuminata_1.JPG;Eurya_acuminata_2.JPG;;;
Pentaphylacaceae;Eurya cerasifolia;(D.Don) Kobuski;;Cherry-Leaf Eurya ;Eurya_cerasifolia_1.jpg;Eurya_cerasifolia_2.jpg;;;
Phyllanthaceae;Phyllanthus parvifolius;Buch.-Ham. ex D.Don;;;Phyllanthus_parvifolius_1.jpg;Phyllanthus_parvifolius_2.jpg;;;
Pinaceae;Abies pindrow;(Royle ex D.Don) Royle;;West Himalayan Fir;Abies_pindrow_1.jpg;Abies_pindrow_2.jpg;;;
Pinaceae;Abies spectabilis;(D.Don) Mirb.;;;Abies_spectabilis_1.jpg;Abies_spectabilis_2.jpg;;;
Pinaceae;Picea smithiana;(Wall.) Boiss.;;;Picea_smithiana_1.jpg;Picea_smithiana_2.jpg;;;
Pinaceae;Pinus roxburghii;Sarg.;;Chir Pine;Pinus_roxburghii_1.jpg;Pinus_roxburghii_2.jpg;;;
Pinaceae;Pinus wallichiana;A.B.Jacks.;;;Pinus_wallichiana_1.jpg;Pinus_wallichiana_2.jpg;;;
Pinaceae;Tsuga dumosa;(D.Don) Eichler;;Himalayan Hemlock;Tsuga_dumosa_1.jpg;Tsuga_dumosa_2.jpg;;;
Polygalaceae;Polygala arillata;Buch.-Ham. ex D.Don;;;Polygala_arillata_1.jpg;Polygala_arillata_2.jpg;;;
Primulaceae;Ardisia macrocarpa;Wall.;;;Ardisia_macrocarpa_1.jpeg;Ardisia_macrocarpa_2.jpeg;;;
Primulaceae;Maesa chisia;D. Don;;;Maesa_chisia_1.jpeg;Maesa_chisia_2.jpeg;;;
Primulaceae;Myrsine africana;L.;;Cape Myrtle;Myrsine_africana_1.jpg;Myrsine_africana_1;;;
Primulaceae;Myrsine semiserrata;Wall.;;Blueberry Myrtle;Myrsine_semiserrata_1.jpg;Myrsine_semiserrata_2.jpg;;;
Ranunculaceae;Clematis acuminata;DC.;;;Clematis_acuminata_1.jpeg;Clematis_acuminata_2.jpeg;;;
Ranunculaceae;Clematis alternata;Kitam. \& Tamura;;;Clematis_alternata_1.jpg;Clematis_alternata_2.jpg;;;
Ranunculaceae;Clematis barbellata;Edgew.;;Brown Clematis;Clematis_barbellata_1.jpg;Clematis_barbellata_2.jpg;;;
Ranunculaceae;Clematis buchananiana;DC.;;White Clematis;Clematis_buchananiana_1.jpeg;Clematis_buchananiana_2.jpeg;;;
Ranunculaceae;Clematis connata;DC.;;Himalayan Clematis;Clematis_connata_1.jpg;Clematis_connata_2.jpg;;;
Ranunculaceae;Clematis grata;Wall.;;Charming Clematis;Clematis_grata_1.jpg;Clematis_grata_2.jpg;;;
Ranunculaceae;Clematis graveolens;Lindl.;;;Clematis_graveolens_1.jpg;Clematis_graveolens_2.jpg;drawing might be Clematis orientalis;;
Ranunculaceae;Clematis grewiiflora;DC.;;Black Climber;Clematis_grewiiflora_1.jpg;Clematis_grewiiflora_2.jpg;;;
Ranunculaceae;Clematis montana;Buch.-Ham. ex DC.;;Anemone Clematis;Clematis_montana_1.jpg;Clematis_montana_2.jpg;;;
Ranunculaceae;Clematis phlebantha;L.H.J.Williams;;;Clematis_phlebantha_1.jpg;Clematis_phlebantha_2.jpg;subshrub;;
Ranunculaceae;Clematis roylei;Rehder;;Royl's Clematis;Clematis_roylei_1.jpg;Clematis_roylei_2.jpg;;;
Ranunculaceae;Clematis tibetana;Kuntze.;;;Clematis_tibetana_1.jpg;Clematis_tibetana_2.jpg;;;
Rhamnaceae;Berchemia edgeworthii;Lawson;;;Berchemia_edgeworthii_1.jpg;Berchemia_edgeworthii_2.jpg;;;
Rhamnaceae;Rhamnus purpurea;Edgew.;;Purple Buckthorn;Rhamnus_purpurea_1.jpeg;Rhamnus_purpurea_1.jpeg;;;
Rosaceae;Cotoneaster affinis;Lindl.;Cotoneaster bacillaris;;Cotoneaster_affinis_1.jpg;Cotoneaster_affinis_2.jpg;;;
Rosaceae;Cotoneaster frigidus;Wall. ex Lindl.;;;Cotoneaster_frigidus_1.jpg;Cotoneaster_frigidus_2.jpg;;;
Rosaceae;Cotoneaster integrifolius;(Roxb.) G.Klotz;;Entire-leaved Cotoneaster;Cotoneaster_integrifolius_1.jpg;Cotoneaster_integrifolius_2.jpg;;;
Rosaceae;Cotoneaster microphyllus;Wall. ex Lindl.;;;Cotoneaster_microphyllus_1.jpg;Cotoneaster_microphyllus_2.jpg;;;
Rosaceae;Cotoneaster rotundifolius;Wall. ex Lindl.;;;Cotoneaster_rotundifolius_1.jpg;Cotoneaster_rotundifolius_2.jpg;;;
Rosaceae;Eriobotrya dubia;(Lindl.) Decne.;;;Eriobotrya_dubia_1.jpeg;Eriobotrya_dubia_2.jpeg;;;
Rosaceae;Eriobotrya elliptica;Lindl.;;;Eriobotrya_elliptica_2.jpg;Eriobotrya_elliptica_2.jpg;;;
Rosaceae;Malus baccata;(L.) Borkh.;;Siberia Crab Apple;Malus_baccata_1.jpeg;Malus_baccata_2.jpeg;;;
Rosaceae;Malus domestica;Borkh.;;Apple;Malus_domestica_1.jpg;;;;
Rosaceae;Neillia rubiflora;D.Don;;East Himalayan Neillia;Neillia_rubiflora_1.jpg;Neillia_rubiflora_1.jpg;;;
Rosaceae;Neillia thyrsiflora;D.Don;;;Neillia_thyrsiflora_1.jpg;Neillia_thyrsiflora_2.jpg;;;
Rosaceae;Prinsepia utilis;Royle;;Himalayan Cherry Prinsepia;Prinsepia_utilis_1.jpeg;Prinsepia_utilis_2.jpeg;;;
Rosaceae;Prunus amygdalus;Batsch;;Almond Tree;Prunus_amygdalus_1.jpg;Prunus_amygdalus_2.jpg;;;
Rosaceae;Prunus armeniaca;L.;;Apricot;Prunus_armeniaca_1.jpg;Prunus_armeniaca_2.jpg;;;
Rosaceae;Prunus bracteopadus;Koehne.;;;Prunus_bracteopadus_1.jpg;Prunus_bracteopadus_2.jpg;No reliable info found, migh tbe Prunus napaulensis, illustration for that;;
Rosaceae;Prunus cerasoides;Buch.-Ham. ex D.Don;;Indian Cherry;Prunus_cerasoides_1.jpg;Prunus_cerasoides_2.jpg;;;
Rosaceae;Prunus cornuta ;(Wall. ex Royle) Steud.;;Himalayan Bird Cherry;Prunus_cornuta_1.jpeg;Prunus_cornuta_1.jpeg;;;
Rosaceae;Prunus davidiana;(Carriere) Franch;;;Prunus_davidiana_1.jpeg;Prunus_davidiana_2.jpeg;;;
Rosaceae;Prunus himalaica;Kitam.;;;Prunus_himalaica_1.jpg;Prunus_himalaica_2.jpg;Pictures from https://www.treesandshrubsonline.org/articles/prunus/prunus-himalaica, Bark like Betula utilis;;
Rosaceae;Prunus persica;(L.) Batsch;;Peach;Prunus_persica_1.jpg;Prunus_persica_2.jpg;;;
Rosaceae;Pyracantha crenulata;(Roxb. ex D.Don) M.Roem.;;;Pyracantha_crenulata_1.jpg;Pyracantha_crenulata_2.jpg;;;
Rosaceae;Pyrus communis;L.;;Pear;Pyrus_communis_1.jpg;;;;
Rosaceae;Pyrus pashia;Buch.-Ham. ex D.Don;;Wild pear;Pyrus_pashia_1.jpg;Pyrus_pashia_2.jpg;;;
Rosaceae;Rosa macrophylla;Lindl.;;Tondondze, Himalayan Musk rose;Rosa_macrophylla_1.jpg;Rosa_macrophylla_2.jpg;;;
Rosaceae;Rosa moschata;Herrm.;;Musj Rose;Rosa_moschata_1.jpg;Rosa_moschata_2.jpg;;;
Rosaceae;Rosa sericea;Wall. ex Lindl.;;Silky Rose;Rosa_sericea_1.jpg;Rosa_sericea_2.jpg;;;
Rosaceae;Rubus acuminatus;Smith;;;Rubus_acuminatus_1.jpeg;Rubus_acuminatus_2.jpeg;;;
Rosaceae;Rubus biflorus;Buch.-Ham. ex Sm.;;;Rubus_biflorus_1.jpeg;Rubus_biflorus_2.jpeg;;;
Rosaceae;Rubus ellipticus;Sm.;;Yellow Himalayan Raspberry;Rubus_ellipticus_1.jpg;Rubus_ellipticus_2.jpg;;;
Rosaceae;Rubus fockeanus;Kurz;;;Rubus_fockeanus_1.jpeg;Rubus_fockeanus_2.jpeg;;;
Rosaceae;Rubus hoffmeisterianus;Kunth \& Bouche;;;Rubus_hoffmeisterianus_1.jpg;;;;
Rosaceae;Rubus niveus;Thunb.;;;Rubus_niveus_1.jpg;Rubus_niveus_2.jpg;;;
Rosaceae;Rubus paniculatus forma paniculatus;Sm.;;Heart-leaf Raspberry;Rubus_paniculatus_1.jpg;Rubus_paniculatus_2.jpg;;;
Rosaceae;Rubus pedunculosus;D. Don;;;Rubus pedunculosus_1.jpeg;Rubus pedunculosus_2.jpeg;;;
Rosaceae;Rubus rosifolius;Sm.;;Roseleaf Bramble;Rubus_rosifolius_1.jpg;Rubus_rosifolius_2.jpg;;;
Rosaceae;Rubus tiliaceus;(Sm.) H. Hara;Rubus paniculatus forma tiliaceus;;Rubus_tiliaceus_1.jpg;;;;
Rosaceae;Sorbaria tomentosa;(Lindl.) Rehder;;Himalayan Sorbaria;Sorbaria_tomentosa_1.jpg;;;;
Rosaceae;Sorbus cuspidata ;(Spach) Hedl.;Micromeles vestita;;Sorbus_cuspidata_1.jpg;Sorbus_cuspidata_2.jpg;;;
Rosaceae;Sorbus foliolosa;(Wall.) Spach;;;Sorbus_foliolosa_1.jpeg;Sorbus_foliolosa_2.jpeg;;;
Rosaceae;Sorbus lanata;(D. Don) Schauer;Micromeles lanata;Hairy Rowan;Sorbus_lanata_1.jpg;Sorbus_lanata_2.jpg;differs from S. cuspidata in the sharply lobulate leaves less white beneath and sometimes almost glabrous by autumn;;
Rosaceae;Sorbus microphylla;(Wall. ex Hook.f.) Wenz.;;Small Leaf Rowan;Sorbus_microphylla_1.jpg;Sorbus_microphylla_2.jpg;;;
Rosaceae;Sorbus rhamnoides;(Decne.) Rehder;Micromeles rhamnoides;;Micromeles_rhamnoides_1.jpg;Micromeles_rhamnoides_2.jpg;;;
Rosaceae;Spiraea arcuata;Hook. f.;;;Spiraea_arcuata_1.jpeg;Spiraea_arcuata_2.jpeg;;;
Rosaceae;Spiraea bella;Sims.;;Pretty Spirea;Spiraea_bella_1.jpeg;Spiraea_bella_2.jpeg;;;
Rosaceae;Stranvaesia nussia;(D. Don) Decne.;;;Stranvaesia_nussia_1.JPG;Stranvaesia_nussia_2.JPG;;;
Rubiaceae;Himalrandia tetrasperma;(Wall. ex Roxb.) T.Yamaz.;;Himalayan Randia;Himalrandia_tetrasperma_1.jpg;Himalrandia_tetrasperma_2.jpg;;;
Rubiaceae;Leptodermis kumaonensis;Parker;;;Leptodermis_kumaonensis_1.jpeg;Leptodermis_kumaonensis_2.jpeg;;;
Rubiaceae;Leptodermis stapfiana;H.J.P.Winkl.;;East-Himalayan Leptodermis;Leptodermis_stapfiana_1.jpg;Leptodermis_stapfiana_2.jpg;;;
Rubiaceae;Luculia gratissima;(Wall.) Sweet;;;Luculia_gratissima_1.jpg;Luculia_gratissima_2.jpg;;;
Rubiaceae;Neohymenopogon parasiticus;(Wall.) Bennet;;;Neohymenopogon_parasiticus_1.jpg;Neohymenopogon_parasiticus_2.jpg;;;
Rubiaceae;Rubia manjith;Roxb. ex Fleming;;;Rubia_manjith_1.jpg;Rubia_manjith_2.jpg;;;
Rubiaceae;Spermadictyon suaveolens;Roxb.;;;Spermadictyon_suaveolens_1.jpeg;Spermadictyon_suaveolens_2.jpeg;;;
Rutaceae;Boenninghausenia albiflora;(Hook.) Rchb. ex Meisn.;;White Himalayan Rue;Boenninghausenia_albiflora_1.jpeg;Boenninghausenia_albiflora_2.jpeg;;;
Rutaceae;Skimmia laureola;Franch.;;;Skimmia_laureola_1.jpg;Skimmia_laureola_2.jpg;;;
Rutaceae;Zanthoxylum armatum;DC.;;Nepal pepper;Zanthoxylum_armatum_1.jpeg;Zanthoxylum_armatum_2.jpeg;;;
Rutaceae;Zanthoxylum bungeanum var. bungeanum;Babu;Zanthoxylum nepalense;;Zanthoxylum_bungeanum_bungeanum_1.jpg;Zanthoxylum_bungeanum_bungeanum_2.jpg;;;
Rutaceae;Zanthoxylum oxyphyllum;Edgew.;;Prickly Ash;Zanthoxylum_oxyphyllum_1.jpg;Zanthoxylum_oxyphyllum_2.jpg;;;
Sabiaceae;Meliosma dilleniifolia;(Wall. ex Wight \& Arn.) Walp.;;;Meliosma_dilleniifolia_1.jpg;Meliosma_dilleniifolia_2.jpg;;;
Sabiaceae;Sabia campanulata;Wall. ex Roxb.;;;Sabia_campanulata_1.jpg;Sabia_campanulata_2.jpg;;;
Salicaceae;Homalium napaulense;(DC.) Benth.;;;Homalium_napaulense_1.jpg;Homalium_napaulense_2.jpg;only picture found, text general info for genus;;
Salicaceae;Populus ciliata;Wall. ex Royle;;;Populus_ciliata_1.jpg;Populus_ciliata_2.jpg;;;
Salicaceae;Salix babylonica;L.;;;Salix_babylonica_1.jpg;Salix_babylonica_2.jpg;;;
Salicaceae;Salix calyculata;Hook. f. ex Andersson;;;Salix_calyculata_1.jpg;;;;
Salicaceae;Salix daltoniana;Andersson;;;Salix_daltoniana_1.jpg;;;;
Salicaceae;Salix disperma;Roxb. ex D.Don.;;Thick-Branch Willow ;Salix_disperma_1.jpg;Salix_disperma_2.jpg;;;
Salicaceae;Salix eriostachya;Wall. ex Andersson;;;Salix_eriostachya_1.jpg;Salix_eriostachya_2.jpg;;;
Salicaceae;Salix flabellaris;Andersson;;;Salix_flabellaris_1.jpg;Salix_flabellaris_2.jpg;;;
Salicaceae;Salix lindleyana;Wall. ex Andersson;;Mini Alpine Willow ;Salix_lindleyana_1.jpg;Salix_lindleyana_2.jpg;;;
Salicaceae;Salix sikkimensis;Andersson;;;Salix_sikkimensis_1.jpg;Salix_sikkimensis_2.jpg;;;
Salicaceae;Salix stomatophora;Flod.;Salix nepalensis, Salix bhutanensis;;Salix_stomatophora_1.jpg;Salix_stomatophora_2.jpg;;;
Santalaceae;Osyris lanceolata;Hochst. \& Steud.;;;Osyris_lanceolata_1.jpg;Osyris_lanceolata_2.jpg;;;
Sapindaceae;Acer acuminatum;Wallich ex D. Don;;;Acer_acuminatum_1.jpg;Acer_acuminatum_2.jpg;;;
Sapindaceae;Acer caesium;Wallich ex Brandis;;;Acer_caesium_1.jpg;Acer_caesium_2.jpg;;;
Sapindaceae;Acer campbellii;Hook. f. \& Thoms;;;Acer_campbellii_1.jpg;Acer_campbellii_2.jpg;;;
Sapindaceae;Acer cappadocicum;Gled.;;;Acer_cappadocicum_1.jpg;Acer_cappadocicum_2.jpg;;;
Sapindaceae;Acer oblongum;Wallich ex Dc.;;;Acer_oblongum_1.jpg;Acer_oblongum_2.jpg;;;
Sapindaceae;Acer pectinatum;Wall. ex Brandis;;;Acer_pectinatum_1.jpg;Acer_pectinatum_2.jpg;;;
Sapindaceae;Aesculus indica;(Wall. ex Cambess.) Hook.;;;Aesculus_indica.jpg;Aesculus_indica_2.jpg;;;
Saururaceae;Saurauia napaulensis;DC.;;Gogan;Saurauia_napaulensis_1,jpg.jpg;Saurauia_napaulensis_2,jpg.jpg;;;
Schisandraceae;Schisandra grandiflora;(Wall.) Hook.f. \& Thomson;;;Schisandra_grandiflora_1.jpg;Schisandra_grandiflora_2.jpg;;;
Simaroubaceae;Picrasma quassioides;(D.Don) Benn.;;;Picrasma_quassioides_1.jpg;Picrasma_quassioides_2.jpg;;;
Smilacaceae;Smilax aspera;L.;;Common Smilax;Smilax_aspera_01.jpg;Smilax_aspera_02.jpg;;;
Smilacaceae;Smilax elegans;Wall. ex Kunth;;Elegant Smilax;Smilax_elegans_01.jpg;Smilax_elegans_02.jpg;;;
Smilacaceae;Smilax menispermoidea;A.DC.;;;Smilax_menispermoidea_01.jpg;Smilax_menispermoidea_02.jpg;;;
Stachyuraceae;Stachyurus himalaicus;Hook.f. \& Thomson ex Benth.;;;Stachyurus_himalaicus_1.jpg;Stachyurus_himalaicus_2.jpg;;;
Symplocaceae;Symplocos paniculata;(Thunb.) Miq.;;(Thunb.) Miq.;Symplocos_paniculata_1.jpg;Symplocos_paniculata_2.jpg;;;
Symplocaceae;Symplocos ramosissima;Wall. ex G. Don;;;Symplocos_ramosissima_1.jpg;Symplocos_ramosissima_2.jpg;;;
Tamaricaceae;Myricaria germanica;(L.) Desv.;;;Myricaria_germanica_1.jpg;Myricaria_germanica_2.jpg;;;
Tamaricaceae;Myricaria rosea;W.W. Sm.;;;Myricaria_rosea_1.jpg;Myricaria_rosea_2.jpg;prostrate ;;
Taxaceae;Taxus contorta;Griff.;Taxus fuana;;Taxus_contorta_1.jpg;Taxus_wallichiana_2.jpg; midvein densely and evenly papillate;;
Taxaceae;Taxus wallichiana;Zucc.;;Himalayan Yew;Taxus_wallichiana_1.jpg;Taxus_wallichiana_2.jpg;;;
Theaceae;Schima wallichii;Choisy;;Needlewood Tree;Schima_wallichii_1.jpg;Schima_wallichii_2.jpg;;;
Thymelaeaceae;Daphne bholua;Buch.-Ham. ex D.Don;;;Daphne_bholua_1.jpg;Daphne_bholua_2.jpg;;;
Thymelaeaceae;Daphne papyracea;Wall. ex G. Don;;;Daphne_papyracea_1.jpg;Daphne_papyracea_2.jpg;;;
Thymelaeaceae;Daphne tangutica;Maxim.;;;Daphne_tangutica_1.jpg;Daphne_tangutica_2.jpg;;;
Urticaceae;Boehmeria virgata subsp. macrophylla ;Hornem.;Boehmeria macrophylla;False Nettle;Boehmeria_macrophylla_1.jpg;Boehmeria_macrophylla_2.jpg;;;
Urticaceae;Boehmeria virgata var. Macrostachya;(Wight) Friis \& Wilmot-Dear;;;Boehmeria_virgata_macrostachya_1.jpg;Boehmeria_virgata_macrostachya_2.jpg;;;
Urticaceae;Debregeasia longifolia;(Burm.f.) Wedd.;;Orange Wild Rhea;Debregeasia_longifolia_1.jpg;Debregeasia_longifolia_2.jpg;;;
Urticaceae;Debregeasia saeneb;(Forssk.) Hepper \& J.R.I.Wood;;Himalayan Wild Rhea;Debregeasia_saeneb_1.jpg;Debregeasia_saeneb_2.jpg;Leaves densely snow white tomentose abaxially;;
Verbenaceae;Vitex negundo;L.;;Five-leaved chaste Tree;Vitex_negundo_1.jpg;Vitex_negundo_2.jpg;;;
Vitaceae;Cissus discolor;DC.;Cissus javana;Climbing Bignonia;Cissus_discolor_1.jpg;Cissus_discolor_2.jpg;;;
Vitaceae;Leea asiatica;(L.) Ridsdale;;;Leea_asiatica_1.jpg;Leea_asiatica_2.jpg;;;
Vitaceae;Tetrastigma campylocarpum;(Kurz) Planch.;;;Tetrastigma_campylocarpum_1.jpg;Tetrastigma_campylocarpum_2.jpg;;;
Vitaceae;Tetrastigma serrulatum;(Roxb.) Planch.;;;Tetrastigma_serrulatum_1.jpg;Tetrastigma_serrulatum_2.jpg;;;
Vitaceae;Vitis heyneana var. Heyneana;R. Parker;Vitis jacquemontii;;Vitis_jacquemontii_1.jpg;Vitis_jacquemontii_2.jpg;;;
